,temp,acc_x,acc_y,acc_z,gyro_x,gyro_y,gyro_z,mag_x,mag_y,mag_z
0,-138,1041,15945,-131,-17,109,-156,1491,83,-2229
1,-135,1057,15914,-223,-27,115,-146,1471,82,-2166
2,-134,1045,15951,-49,-14,103,-152,1479,81,-2179
3,-130,1064,15907,-236,-62,132,-146,1497,70,-2265
4,-133,1057,15989,-92,-13,114,-148,1486,110,-2222
5,-132,1041,15856,-213,-75,119,-148,1507,86,-2288
6,-135,1084,15937,-113,-9,109,-160,1504,79,-2231
7,-134,1056,15973,-112,-46,116,-142,1507,97,-2178
8,-134,1060,15890,-227,-73,119,-149,1526,94,-2215
9,-135,1067,15903,-208,-70,113,-148,1551,52,-2188
10,-135,1051,15923,-120,-15,103,-150,1498,133,-2208
11,-136,1052,15916,-176,-62,112,-145,1553,59,-2202
12,-136,1054,15970,-104,-36,107,-153,1500,58,-2207
13,-134,1060,15950,-100,-53,112,-154,1504,103,-2240
14,-133,1063,15896,-248,-83,128,-148,1507,118,-2184
15,-131,1068,15878,-235,-74,128,-143,1548,112,-2232
16,-138,1061,15914,-180,-38,129,-147,1515,60,-2206
17,-136,1049,15966,-95,-12,117,-143,1523,121,-2221
18,-132,1064,15905,-214,-74,116,-145,1491,106,-2165
19,-135,1052,15943,-158,-47,120,-148,1466,86,-2177
20,-133,1057,15953,-104,-39,112,-149,1510,88,-2173
21,-132,1055,15955,-141,-53,97,-145,1485,90,-2168
22,-135,1050,15898,-204,-55,118,-146,1508,80,-2236
23,-136,1060,15988,-68,-19,110,-147,1483,68,-2176
24,-133,1069,15939,-128,-45,123,-148,1503,79,-2148
25,-132,1760,15770,-133,-133,-35,-108,1500,93,-2139
26,-132,1729,15970,-234,35,-815,-153,1482,48,-2236
27,-132,1499,15975,-396,-11,-293,-184,1514,97,-2197
28,-136,1192,15840,-230,-74,-818,-185,1523,82,-2258
29,-134,2927,16004,162,-272,-1272,-20,1980,-426,-2225
30,-138,1234,15973,11,-120,-1840,-24,2509,-1017,-2350
31,-131,1865,16003,-47,-131,-2283,-30,2661,-1150,-2361
32,-135,1049,16020,46,-276,-2561,4,2494,-1019,-2356
33,-135,1598,16503,-193,-176,-2305,5,2088,-548,-2489
34,-133,1472,16134,-9,-189,-2072,-10,1914,-465,-2569
35,-135,1387,16214,-249,-46,-2723,-52,2109,-666,-2648
36,-134,1780,15728,61,-241,-3079,24,2144,-790,-2680
37,-134,1319,16049,-27,-247,-3315,-27,1937,-685,-2743
38,-135,745,15864,-76,-237,-2940,55,1722,-518,-2864
39,-135,1540,15860,-16,-171,-2887,71,1556,-419,-2892
40,-134,1301,15835,17,-149,-2866,-51,1446,-533,-2963
41,-135,1199,15923,-286,-205,-2473,-63,1378,-528,-3032
42,-133,1017,16012,-716,-165,-2417,-66,1210,-435,-3042
43,-133,655,15850,-160,-201,-2588,37,1059,-356,-3072
44,-134,1453,16146,-124,-305,-2826,-62,1010,-401,-3098
45,-130,1051,16097,-275,-200,-2679,-116,944,-453,-3137
46,-134,514,15727,25,-217,-2517,-41,818,-486,-3099
47,-133,1634,15690,-455,-190,-2361,4,727,-457,-3083
48,-132,893,15877,-142,-156,-2411,-134,665,-513,-3064
49,-135,841,15978,-76,-128,-1957,92,576,-511,-3011
50,-134,1249,16017,-289,-129,-2224,-20,543,-558,-2985
51,-133,860,15996,-169,-197,-2646,20,428,-556,-3016
52,-134,809,16036,-519,-213,-2960,6,357,-559,-2859
53,-136,1025,16040,2,-276,-3069,-64,256,-578,-2894
54,-132,512,15835,-79,-109,-2923,29,155,-596,-2797
55,-136,1048,16195,-290,-250,-2740,-36,88,-604,-2708
56,-134,1397,16009,-231,-196,-2465,20,7,-606,-2616
57,-132,658,16178,-249,-214,-2429,22,-59,-633,-2483
58,-134,470,15847,-352,-183,-2442,-40,-104,-616,-2439
59,-132,1490,15970,-154,-116,-2406,109,-181,-622,-2327
60,-135,745,15916,-111,-143,-2604,3,-157,-601,-2125
61,-136,1297,15921,-401,-122,-2659,27,-206,-535,-2063
62,-134,1493,16290,-27,-200,-2830,-29,-249,-472,-1830
63,-135,988,15819,-281,-188,-2878,-102,-110,-495,-1616
64,-132,845,15875,-332,-112,-3026,121,-93,-455,-1466
65,-136,1168,15669,60,-336,-3278,22,109,-410,-1361
66,-135,862,15934,-150,-269,-3002,1,323,-470,-1237
67,-133,816,15844,9,-437,-2707,45,574,-467,-1164
68,-136,910,16031,772,-239,-2656,-41,775,-468,-1197
69,-135,415,15582,405,-131,-2670,-96,953,-524,-1158
70,-134,586,15952,-292,-242,-2415,80,1172,-506,-1228
71,-135,1410,16315,-388,-129,-2260,-22,1365,-563,-1273
72,-135,1159,15967,-8,-116,-2398,-19,1385,-522,-1342
73,-137,1148,15765,139,-257,-2535,-34,1471,-519,-1377
74,-133,385,15896,418,-346,-2589,7,1589,-580,-1538
75,-135,739,16154,-49,-160,-2549,99,1639,-560,-1607
76,-133,1053,15815,254,-394,-2553,27,1702,-586,-1662
77,-135,923,15636,873,-137,-2314,68,1759,-560,-1651
78,-134,697,15821,-133,-250,-2033,-5,1739,-558,-1724
79,-134,1337,15714,538,-85,-1929,19,1751,-549,-1768
80,-135,1351,15935,71,-122,-1796,51,1818,-576,-1797
81,-135,1804,16170,-301,-229,-2246,-8,1813,-564,-1785
82,-133,1312,16001,462,-194,-2601,-19,1834,-569,-1855
83,-133,1093,16392,-561,-135,-2919,-49,1887,-555,-1877
84,-132,1181,16101,138,-207,-2974,-21,1893,-582,-1927
85,-132,823,15732,366,-152,-2791,-10,1928,-523,-1984
86,-131,722,15706,588,-39,-2671,53,1954,-575,-2058
87,-135,503,16029,208,-197,-2414,17,2023,-525,-2027
88,-133,550,16061,-208,-198,-1989,-32,2015,-575,-2127
89,-136,409,16242,-984,62,-1548,1,2026,-546,-2138
90,-134,1513,16231,-510,-175,-1205,-50,2023,-574,-2197
91,-133,921,15864,-245,-185,-997,-107,2015,-478,-2179
92,-132,968,15930,-634,-35,-940,28,2014,-525,-2202
93,-135,84,15664,442,-380,-487,-150,2040,-529,-2166
94,-132,1134,16605,-1660,-230,514,-83,2078,-533,-2246
95,-133,1029,14879,1028,239,302,-96,2040,-522,-2228
96,-138,1564,16381,-1016,-105,211,-151,2042,-536,-2186
97,-133,812,15830,304,48,56,-42,2052,-506,-2198
98,-133,1217,16099,-371,-109,35,-35,2060,-533,-2187
99,-134,1241,15920,-85,18,89,-68,2047,-525,-2217
100,-135,1284,15984,-366,-123,108,-66,2035,-539,-2243
101,-136,1337,15902,-164,-22,142,-84,2059,-534,-2272
102,-135,1305,16012,-291,-93,147,-79,2046,-526,-2177
103,-133,909,15750,-170,104,75,-107,1989,-491,-2194
104,-132,1638,16068,-391,260,-347,-40,2012,-476,-2238
105,-132,1133,16695,-1532,490,-83,-135,2023,-453,-2212
106,-135,34,14907,-1074,2311,-241,-372,2030,-438,-2115
107,-135,1741,15945,-1784,-78,-281,-197,2028,-406,-2059
108,-133,402,16849,-3742,873,182,-4,2016,-381,-2046
109,-133,979,15253,-1278,2,-155,-197,2103,-351,-1958
110,-135,104,16991,-3972,2287,-17,-120,2041,-282,-1794
111,-135,1197,15405,-5661,3056,-132,-151,2036,-172,-1569
112,-132,784,13001,-5243,3298,-5,-188,1983,71,-1366
113,-132,657,13097,-8690,2442,23,-142,1979,321,-1183
114,-135,1005,12210,-8829,2079,-129,-116,1998,485,-948
115,-135,1012,12506,-10544,2208,-93,-68,1972,728,-839
116,-135,-39,10313,-11186,2110,156,-293,1989,1031,-729
117,-133,199,9677,-12029,2066,76,-184,1934,1343,-576
118,-134,792,9046,-13308,1834,64,-59,1936,1550,-474
119,-132,-29,7978,-13515,1340,110,-243,1991,1742,-374
120,-131,704,7433,-13966,664,140,-189,1978,1841,-399
121,-136,163,6883,-14010,165,84,-49,2050,1965,-272
122,-133,754,7413,-14542,-369,149,-116,2007,1936,-335
123,-131,786,7715,-14500,-257,146,-190,2031,1897,-371
124,-133,-92,6662,-12848,-1319,322,-270,2008,1805,-387
125,-134,874,8104,-13017,-552,107,129,1975,1702,-384
126,-134,1720,6909,-11960,-2025,209,-75,1936,1528,-562
127,-134,1631,11384,-12449,-3194,95,-22,1891,1258,-691
128,-132,1078,12656,-10637,-3861,193,-32,1852,807,-934
129,-134,480,13531,-8333,-3623,174,-44,1859,470,-1168
130,-132,923,14330,-6797,-3613,251,-63,1823,226,-1479
131,-135,1029,15093,-3922,-3612,194,2,1870,-42,-1780
132,-133,937,16704,-1728,-3895,87,74,1903,-259,-1995
133,-135,737,15936,160,-4064,89,-32,1923,-377,-2407
134,-134,1044,16099,3255,-3905,212,38,1877,-356,-2651
135,-133,752,15437,5381,-4093,199,85,1865,-273,-2900
136,-130,1276,13412,8407,-4157,214,-6,1892,-93,-3110
137,-133,1123,12971,10361,-4595,375,3,1931,131,-3448
138,-134,1701,11607,12274,-4458,762,599,2065,338,-3688
139,-133,966,9399,14088,-4333,366,146,2114,630,-3824
140,-133,1571,7793,15043,-4316,125,130,2222,1032,-3988
141,-133,1205,4949,16017,-3694,99,-88,2376,1343,-4025
142,-133,1348,2756,16806,-3144,216,312,2526,1623,-4078
143,-131,856,1009,16115,-2904,187,97,2620,1913,-4000
144,-136,1386,-294,16576,-2826,164,93,2759,2200,-3963
145,-137,1504,-2452,16446,-2481,118,-96,2868,2517,-3911
146,-134,862,-4179,16936,-2635,141,213,2890,2814,-3876
147,-133,1592,-5108,16350,-2462,168,4,2931,3161,-3756
148,-133,1624,-7660,15807,-2894,126,153,3024,3397,-3674
149,-132,1517,-8393,15010,-3023,124,182,3062,3754,-3532
150,-134,1110,-9997,13603,-3026,17,361,3091,4066,-3351
151,-133,1094,-11480,12733,-3206,-63,305,3101,4360,-3183
152,-132,-29,-12278,10886,-3085,-104,393,3135,4729,-3005
153,-132,450,-13546,8926,-3353,148,183,3180,4906,-2817
154,-133,694,-14507,7797,-3171,276,78,3141,5216,-2597
155,-132,47,-14897,5371,-2767,194,121,3199,5433,-2325
156,-135,833,-16237,4829,-2497,78,176,3180,5547,-2125
157,-133,-213,-16003,2987,-2475,88,138,3204,5695,-1932
158,-133,383,-16760,1942,-2190,252,27,3174,5827,-1766
159,-135,188,-16320,-310,-2110,-118,181,3128,5934,-1656
160,-134,1032,-17037,-301,-2020,211,18,3143,6020,-1487
161,-136,-543,-15745,-2717,-2212,181,110,3126,6090,-1329
162,-134,1142,-16523,-4218,-1799,-5,113,2987,6232,-1223
163,-135,36,-15270,-4572,-1606,370,119,2920,6288,-1124
164,-133,1,-15423,-5563,-1269,17,62,2876,6325,-987
165,-133,-441,-14925,-6723,-1097,103,63,2729,6431,-985
166,-136,-488,-15469,-6105,-677,-3,-3,2749,6447,-917
167,-137,8,-14803,-6418,-113,327,-30,2702,6439,-844
168,-133,157,-15354,-6328,4,177,-62,2714,6464,-877
169,-133,290,-15401,-6858,-241,195,0,2729,6504,-925
170,-133,-335,-15350,-6151,-75,126,-16,2696,6480,-898
171,-132,-277,-15138,-6433,25,167,-52,2715,6476,-887
172,-137,-215,-14884,-6753,388,353,-20,2724,6508,-965
173,-132,-117,-15412,-6452,852,885,161,2698,6493,-908
174,-135,-242,-13899,-6421,682,102,-24,2645,6546,-1006
175,-134,1138,-18160,-3410,1598,144,-58,2717,6485,-1141
176,-132,-776,-15494,-4337,394,373,-39,2574,6662,-1130
177,-134,-581,-13528,-4511,2170,564,-24,2533,6666,-1151
178,-133,468,-14724,-3293,3655,-245,-192,2670,6543,-1329
179,-134,-108,-16024,753,4092,-439,-112,2742,6328,-1684
180,-134,229,-16111,5439,4246,-278,-165,2817,6138,-2004
181,-133,-106,-15279,7105,4191,-112,-278,2886,5765,-2345
182,-132,785,-15084,8363,4212,-77,-115,2910,5381,-2609
183,-132,1912,-13630,11891,4348,139,-298,2937,4982,-2906
184,-130,877,-11364,12164,4147,16,-264,2991,4517,-3254
185,-133,398,-8927,14465,4201,-6,-79,2898,4029,-3470
186,-132,1620,-7306,14547,3942,38,-146,2793,3576,-3580
187,-132,817,-4467,16585,4320,-3,-131,2878,2969,-3808
188,-132,977,-1244,17043,4824,44,-102,2807,2360,-3962
189,-133,458,1235,18382,4993,87,-262,2742,1725,-3958
190,-132,1447,4893,16778,4452,68,-173,2756,1119,-3978
191,-134,1433,7092,16476,4429,-26,-229,2318,941,-3871
192,-135,518,8465,14985,4100,44,-296,2147,629,-3748
193,-133,1681,10733,12395,3600,159,-219,2029,398,-3614
194,-131,1147,12318,11188,3687,142,-97,1908,253,-3410
195,-135,401,13568,9261,3670,33,-185,1993,-50,-3148
196,-134,1970,13904,7395,3156,176,-165,1988,-380,-2983
197,-130,892,15667,4603,2820,97,-71,2057,-537,-2711
198,-133,804,15166,4353,2684,45,-223,2120,-571,-2496
199,-134,1121,16090,2055,2590,88,-83,2117,-637,-2307
200,-134,763,15402,1052,2163,-149,-152,2158,-683,-2126
201,-132,1226,14908,82,924,-51,-43,2198,-622,-2007
202,-132,1164,15062,-570,-411,61,14,2201,-597,-1970
203,-134,572,16523,-1231,-847,39,-52,2227,-700,-2053
204,-135,833,15798,-663,88,451,-94,2242,-712,-2159
205,-136,1236,15410,-237,-287,225,-19,2231,-721,-2152
206,-133,647,16773,-976,-329,123,-20,2209,-701,-2156
207,-132,1448,16693,-854,-56,38,6,2171,-671,-2173
208,-133,1849,16369,-56,-602,42,-10,2183,-670,-2226
209,-132,1245,16248,151,-62,139,-18,2205,-674,-2220
210,-134,1134,15716,813,88,36,-46,2178,-689,-2216
211,-135,1371,15889,689,-241,48,-1,2174,-691,-2171
212,-134,1290,16069,384,-170,84,-20,2193,-683,-2235
213,-132,2604,16715,-881,-33,411,-215,2162,-669,-2258
214,-134,1355,15866,295,108,186,17,2138,-652,-2280
215,-133,955,15622,321,626,10,33,2171,-669,-2172
216,-134,1131,16491,-921,444,154,-119,2173,-627,-2191
217,-134,731,15402,-941,649,-128,-173,2167,-676,-2101
218,-132,1093,15748,-1360,2420,91,-103,2149,-576,-2012
219,-132,855,16819,-4476,3546,-216,-262,2099,-332,-1839
220,-132,691,14029,-5258,3751,107,-221,2293,-246,-1527
221,-132,508,12955,-7216,3707,182,-268,2370,-24,-1294
222,-131,952,12864,-8935,3721,-38,-123,2448,277,-1023
223,-136,632,11342,-12077,3610,51,-200,2494,604,-875
224,-136,506,9854,-12517,3127,413,-409,2487,951,-674
225,-133,420,8154,-13101,2870,84,-77,2563,1283,-458
226,-133,108,7395,-14412,1843,122,-13,2572,1612,-379
227,-135,393,5284,-15437,2212,32,-34,2594,1870,-272
228,-132,457,4239,-16022,2357,85,-20,2591,2174,-205
229,-133,1132,2731,-15783,2592,30,69,2647,2492,-138
230,-133,114,1278,-16017,2231,161,173,2649,2788,-59
231,-134,-479,-600,-16542,2768,85,-171,2603,3201,-14
232,-134,767,-2097,-15856,2435,137,-101,2539,3645,-21
233,-133,845,-3881,-16543,2632,62,77,2538,3982,-4
234,-132,-5,-5270,-15220,2783,83,-108,2492,4351,-35
235,-133,96,-6981,-14785,2637,49,-191,2469,4752,-132
236,-135,783,-8460,-13931,2480,101,-70,2446,5060,-174
237,-132,-558,-10372,-13090,2350,314,62,2386,5411,-248
238,-131,19,-10883,-11936,2673,-163,-264,2304,5735,-350
239,-131,957,-12180,-11639,2109,-59,-213,2198,6036,-425
240,-132,-12,-12378,-10224,1313,108,-177,2201,6194,-585
241,-133,279,-13309,-9530,1770,28,-248,2153,6413,-614
242,-132,472,-13566,-8948,1222,33,-138,2112,6547,-742
243,-131,-252,-14422,-8137,488,1,-182,2056,6620,-758
244,-130,434,-13555,-8262,-129,90,-106,2044,6650,-799
245,-133,152,-14249,-8309,-6,24,-99,2035,6632,-831
246,-134,373,-14603,-8250,-342,73,-92,2077,6649,-755
247,-134,3,-14657,-8840,-252,-52,-300,2037,6664,-789
248,-133,473,-14158,-8698,-215,4,-116,2077,6609,-747
249,-135,192,-14151,-8999,-366,116,-138,2036,6633,-751
250,-133,499,-13734,-8774,-42,11,-202,2049,6678,-771
251,-134,271,-13471,-8606,-1001,184,-181,2073,6597,-719
252,-135,138,-13087,-10060,-1736,168,30,2121,6422,-622
253,-134,618,-11911,-10841,-2365,175,48,2230,6131,-496
254,-132,463,-11149,-11713,-2482,172,1,2335,5843,-385
255,-136,15,-10345,-12998,-2726,135,58,2355,5530,-277
256,-135,-38,-8681,-13807,-3234,202,52,2347,5236,-201
257,-133,115,-6604,-14766,-3451,96,72,2257,4885,-34
258,-132,390,-5103,-15282,-3064,232,-71,2266,4605,-56
259,-133,241,-3248,-16307,-3364,193,87,2192,4227,14
260,-132,175,-1195,-16298,-3493,140,90,2103,3865,22
261,-134,535,793,-16145,-3524,107,90,2053,3434,-78
262,-133,637,3400,-15842,-3310,106,3,1991,3019,-80
263,-135,263,5100,-15108,-3435,155,-17,1986,2585,-142
264,-135,456,7317,-14496,-3205,189,-52,2023,2172,-310
265,-134,516,8622,-13511,-3184,166,-26,2018,1716,-523
266,-134,563,10420,-12720,-3180,198,19,2043,1318,-655
267,-133,673,11278,-11264,-2942,144,66,2102,912,-770
268,-131,577,12554,-10010,-3154,185,79,2160,554,-986
269,-136,1047,13714,-8546,-3122,89,122,2216,180,-1236
270,-132,1110,14634,-6299,-3052,-47,122,2234,-135,-1433
271,-135,1446,14959,-4532,-3123,22,111,2293,-375,-1684
272,-135,180,21554,-4221,-2936,13,336,2307,-636,-1891
273,-135,1394,15855,-1747,-1761,24,50,2346,-757,-1984
274,-136,924,16188,-1351,-1156,117,14,2293,-766,-2181
275,-134,1182,15832,-578,-230,90,-24,2315,-759,-2130
276,-132,1040,16103,-200,-74,109,-36,2346,-798,-2235
277,-134,1223,15914,-136,-230,28,-150,2300,-802,-2207
278,-135,666,16322,-873,-140,649,-111,2329,-753,-2156
279,-134,1617,16039,88,101,163,29,2314,-757,-2174
280,-134,1290,16063,-364,-130,221,-74,2263,-689,-2214
281,-135,714,15700,309,-263,117,-42,2300,-726,-2170
282,-135,939,16100,-308,-206,68,-9,2301,-778,-2174
283,-132,1083,16095,-392,12,75,-38,2283,-743,-2151
284,-133,2119,15844,251,152,70,-62,2305,-731,-2208
285,-133,2268,16125,1102,-289,-1286,17,2284,-798,-2223
286,-133,1947,15777,283,-251,-1025,33,2305,-788,-2262
287,-133,2205,15613,187,-123,-1927,-126,2252,-767,-2313
288,-132,1683,15771,508,-199,-2602,65,2292,-781,-2468
289,-134,1121,15906,782,-349,-3195,-4,2227,-778,-2474
290,-134,1181,16257,129,-410,-3581,-46,2332,-813,-2615
291,-133,912,15924,725,-228,-3671,-119,2190,-749,-2653
292,-133,861,16017,745,-125,-3743,-31,2128,-753,-2753
293,-134,982,16361,-195,-338,-3417,-34,2115,-804,-2827
294,-132,1740,15983,-10,-240,-2960,-1,2014,-812,-2893
295,-133,1550,16159,380,-215,-2998,12,1916,-838,-2994
296,-136,1003,16122,301,-254,-3112,117,1814,-859,-3015
297,-131,1063,16096,176,-107,-3190,-23,1527,-711,-3126
298,-135,1102,15912,-65,-165,-3028,-4,1407,-703,-3066
299,-136,1359,15314,-77,-225,-2902,-51,1342,-757,-3141
300,-135,1165,16288,-144,-417,-2499,87,1184,-717,-3170
301,-134,1143,15632,502,-33,-1879,-28,1134,-704,-3082
302,-134,314,16613,-941,-198,-1014,-55,1040,-699,-3095
303,-129,381,15994,300,-71,-389,-39,1019,-678,-3181
304,-133,1229,15957,-155,29,9,-37,1004,-664,-3142
305,-134,1465,16344,-679,-9,127,-97,1004,-680,-3109
306,-135,1036,16084,3,-63,186,-114,1001,-694,-3153
307,-133,1350,16280,-544,-69,237,-107,964,-669,-3086
308,-135,374,16080,314,-14,366,-75,1035,-673,-3147
309,-133,580,15724,117,7,1475,-120,1038,-732,-3113
310,-135,2067,15878,-320,302,1213,-166,1133,-675,-3111
311,-133,-343,15534,-98,-279,2427,-70,1152,-709,-3113
312,-133,822,15850,-167,122,3063,-55,1242,-629,-3108
313,-133,1671,15973,205,80,3321,-165,1343,-678,-3060
314,-136,630,15183,1293,45,3327,-77,1514,-676,-3044
315,-133,1158,16105,55,11,3067,-125,1623,-666,-3017
316,-133,2294,15483,-5,-96,3005,97,1742,-695,-2980
317,-133,579,15491,-76,152,2703,-18,1854,-687,-2964
318,-132,335,15362,751,149,2796,4,1952,-729,-2854
319,-132,-666,15565,679,-26,2896,-183,2044,-738,-2807
320,-134,1416,15899,680,0,3510,-51,2158,-695,-2754
321,-131,1814,16224,673,376,3216,-267,2252,-744,-2634
322,-133,2030,15528,1091,65,3326,-103,2277,-704,-2613
323,-131,1215,16224,-382,136,3738,-156,2296,-708,-2446
324,-130,1037,15770,831,306,4216,-161,2320,-748,-2398
325,-134,1395,16035,484,88,4167,-160,2239,-708,-2269
326,-133,1345,16119,574,253,3928,-221,2144,-666,-2186
327,-135,613,16013,754,178,4087,-155,2145,-642,-2073
328,-134,383,16004,169,231,4214,-100,2122,-664,-2043
329,-134,1032,16076,323,209,4416,-79,2041,-648,-1996
330,-133,1467,16286,679,105,4407,-215,2008,-636,-1933
331,-131,1910,15833,401,188,4268,-187,1933,-658,-1801
332,-132,1565,16240,235,248,3996,-84,1892,-645,-1757
333,-134,1949,16045,364,131,3792,-139,1859,-641,-1684
334,-132,2765,16416,-236,135,3542,-196,1763,-622,-1666
335,-135,1838,15537,604,104,3056,-107,1790,-650,-1548
336,-132,1253,16363,-388,-17,1995,-70,1706,-598,-1487
337,-135,1771,16100,175,-64,950,-50,1594,-658,-1457
338,-133,1441,16067,-20,-154,85,-47,1651,-632,-1527
339,-135,1013,15958,46,-65,140,-57,1630,-661,-1516
340,-135,1296,15718,127,-119,24,-83,1705,-652,-1504
341,-133,575,15858,1869,264,175,-13,1669,-734,-1497
342,-135,1471,16696,-1099,-156,188,-52,1686,-682,-1526
343,-134,1021,15658,791,31,89,-42,1631,-667,-1525
344,-131,1235,16070,138,-106,31,-83,1675,-666,-1511
345,-132,1834,15837,315,43,-1374,32,1661,-678,-1553
346,-132,3563,15969,571,-13,-779,-288,1662,-585,-1491
347,-134,1726,16818,-936,-42,-1674,-185,1703,-643,-1556
348,-133,1323,16046,-59,-353,-2539,64,1760,-644,-1648
349,-133,742,16291,165,-190,-3023,21,1859,-637,-1649
350,-133,969,15969,325,-149,-2829,4,1878,-650,-1735
351,-133,359,16183,65,-138,-2801,-9,1901,-678,-1721
352,-132,1287,15672,88,-167,-2802,33,1967,-707,-1830
353,-134,1154,16201,-166,-173,-3072,-6,1985,-735,-1884
354,-133,991,15919,188,-80,-3195,1,1943,-618,-1931
355,-134,766,16022,169,-148,-3006,-15,1999,-651,-1947
356,-132,688,16227,-96,-237,-2869,69,2035,-652,-1992
357,-133,778,15991,-274,-313,-2958,-27,2088,-654,-2066
358,-134,962,16059,270,-171,-2618,-55,2165,-658,-2062
359,-133,739,15915,329,-219,-1988,-47,2155,-690,-2160
360,-130,1100,15686,-227,-93,-1143,-11,2198,-649,-2176
361,-133,1236,16193,176,-266,-741,-95,2189,-667,-2204
362,-133,-63,15217,717,-147,-268,4,2185,-671,-2231
363,-133,1272,16500,-768,-151,27,10,2232,-651,-2202
364,-135,1969,16426,4,-45,91,-103,2192,-692,-2232
365,-133,2842,15711,111,-118,-322,-107,2179,-686,-2304
366,-132,1134,16113,30,-57,-598,8,2200,-671,-2232
367,-134,900,15827,189,-257,53,-45,2167,-704,-2291
368,-131,1127,15911,64,-37,86,-34,2232,-676,-2314
369,-133,679,16000,248,-27,610,-11,2210,-645,-2244
370,-134,1703,15841,413,-345,592,-212,2220,-681,-2253
371,-134,786,16120,-270,104,1,40,2251,-662,-2279
372,-135,1257,16032,518,-53,175,-187,2203,-681,-2214
373,-133,962,15996,12,-103,8,-21,2223,-650,-2301
374,-135,1976,15715,610,-64,52,-45,2181,-631,-2225
375,-133,1239,16260,-254,-129,-761,-57,2186,-655,-2251
376,-132,651,15907,338,229,-167,-3,2145,-642,-2279
377,-134,1596,15564,789,5,-1682,71,2122,-621,-2303
378,-132,1931,15651,111,-400,-2810,-164,2172,-658,-2372
379,-131,1447,16098,449,-392,-3260,-30,2179,-663,-2470
380,-130,561,16179,615,-300,-3523,-55,2160,-682,-2597
381,-132,1288,15625,613,-238,-3552,56,2184,-703,-2713
382,-132,770,15786,472,-161,-3401,-28,2045,-682,-2752
383,-131,872,16440,-9,-236,-3624,-54,1922,-635,-2851
384,-129,1009,16202,416,-199,-3603,-68,1879,-662,-2908
385,-134,1289,16095,578,-332,-3518,-73,1787,-714,-2994
386,-134,1322,16109,403,-278,-3400,-120,1574,-640,-3063
387,-133,1640,16148,285,-253,-3356,5,1517,-708,-3060
388,-133,1500,15830,253,-180,-3487,-70,1379,-716,-3096
389,-133,934,16122,266,-278,-3624,-83,1221,-693,-3094
390,-131,1242,16219,234,-190,-3524,-56,1077,-656,-3116
391,-134,1139,15939,756,-215,-3411,-44,946,-742,-3116
392,-134,1284,16188,-223,-243,-3311,-21,813,-768,-3053
393,-132,965,16010,501,-291,-3316,23,730,-810,-2983
394,-132,1267,15997,-75,-289,-2942,-21,607,-742,-2898
395,-133,1238,15889,307,-82,-2649,43,503,-776,-2932
396,-132,1062,16089,34,-230,-2799,47,352,-754,-2845
397,-131,1358,15990,176,-255,-2982,-80,283,-740,-2772
398,-132,686,16212,-163,-246,-2766,-24,204,-763,-2663
399,-130,1285,16207,-25,-160,-2364,-52,119,-752,-2542
400,-135,630,15915,12,-105,-1930,-155,-19,-714,-2450
401,-133,436,15864,83,-149,-915,42,-40,-673,-2400
402,-132,677,15881,-184,-103,-454,-21,-69,-685,-2382
403,-135,598,15788,8,-390,866,-25,-90,-667,-2383
404,-133,813,16144,-188,279,1064,-76,-82,-668,-2399
405,-131,1904,15873,708,-168,155,4,-56,-673,-2417
406,-134,630,16413,-476,-120,-99,-48,-125,-578,-2436
407,-132,5064,15342,302,1,-233,-182,-103,-601,-2401
408,-132,2095,18727,-2612,932,-1328,-1,-47,-714,-2341
409,-135,-774,16251,-81,1695,-159,48,-172,-564,-2254
410,-133,995,14550,-2191,1903,-1263,-468,-221,-537,-2034
411,-132,2338,17137,-4248,1042,-794,254,-219,-454,-1892
412,-132,874,15988,-4431,1842,-650,180,-204,-338,-1712
413,-132,1009,15485,-5637,3147,-567,-75,-228,-196,-1436
414,-134,548,14786,-7604,3221,-256,272,-55,-31,-1270
415,-133,1356,13682,-7755,2727,-111,-177,30,212,-1096
416,-133,47,13000,-10457,2712,28,-169,107,387,-833
417,-134,496,10376,-11619,2120,90,-70,268,499,-701
418,-133,560,10123,-12958,2066,37,-145,379,591,-508
419,-134,1103,9492,-13420,2348,-41,77,594,610,-515
420,-136,228,6949,-14630,2017,17,35,663,789,-361
421,-135,457,7251,-13743,1939,61,-22,788,960,-217
422,-131,1295,7112,-13732,-481,38,137,756,1137,-205
423,-132,394,6355,-13697,-47,58,2,776,1146,-194
424,-134,118,6630,-16203,-84,-35,145,753,1144,-199
425,-133,391,6278,-14119,-205,94,97,778,1150,-217
426,-133,175,6357,-14963,-623,288,145,734,1081,-266
427,-133,365,6142,-14853,-79,120,-26,722,1073,-276
428,-134,4,7152,-14719,-145,217,-79,730,1091,-260
429,-134,362,6804,-14598,-152,252,-129,883,860,-235
430,-134,463,7383,-14429,-115,90,116,867,875,-236
431,-134,468,6802,-14693,-73,86,85,873,899,-184
432,-131,302,6893,-14635,-45,13,248,858,890,-198
433,-134,473,6756,-13731,80,401,-172,786,896,-264
434,-133,-255,6770,-14816,-70,624,-709,784,848,-338
435,-133,1662,6727,-14021,44,397,-695,747,833,-262
436,-134,808,6423,-14182,-330,535,-738,812,797,-271
437,-132,-436,6843,-14425,53,929,-1547,796,678,-389
438,-134,304,7288,-14418,-151,1414,-2494,758,513,-478
439,-133,48,7251,-14112,-57,1631,-2900,776,353,-546
440,-132,419,7379,-13952,141,1472,-2867,904,116,-603
441,-129,-113,6858,-14521,-134,1544,-2611,987,-37,-680
442,-130,937,7777,-14928,-87,1546,-2776,1075,-194,-752
443,-133,1193,8010,-14414,8,1513,-2942,1180,-340,-798
444,-131,268,6879,-13990,-86,1482,-2864,1370,-451,-833
445,-131,-292,7499,-14389,-45,1469,-2762,1479,-514,-920
446,-132,561,7651,-14688,70,1508,-2704,1685,-613,-956
447,-132,415,7072,-14683,-159,1501,-2573,1797,-657,-918
448,-131,190,7399,-14505,-172,1312,-2496,1912,-635,-879
449,-133,374,7759,-14825,-13,1399,-2391,2051,-606,-904
450,-131,553,7148,-14306,-98,1209,-2474,2078,-580,-915
451,-130,1059,7430,-13690,-24,1475,-2696,2248,-547,-930
452,-130,479,7222,-14288,59,1338,-2538,2365,-474,-884
453,-132,545,7404,-14179,-74,1344,-2499,2410,-442,-788
454,-134,-140,7415,-13958,94,1222,-2382,2543,-405,-770
455,-130,-509,7519,-12979,55,1217,-2220,2620,-328,-761
456,-133,-79,7163,-13773,442,1484,-2671,2565,-81,-701
457,-132,339,7471,-14780,105,1698,-3117,2509,202,-715
458,-133,-34,7325,-15056,-225,1740,-3255,2603,279,-638
459,-130,613,7759,-14921,-389,1860,-3456,2663,387,-601
460,-133,-6,8457,-14325,-230,1845,-3560,2774,538,-478
461,-133,-289,8049,-14758,-83,1846,-3339,2828,697,-426
462,-130,326,7578,-14527,-104,1719,-3059,2837,884,-393
463,-132,921,8052,-14616,65,1464,-2869,2772,1025,-270
464,-131,943,7362,-15172,-67,1305,-2524,2807,1181,-257
465,-130,158,7548,-14480,-104,1307,-2457,2760,1281,-217
466,-130,-384,7583,-14120,27,1522,-2813,2713,1404,-117
467,-133,331,7565,-14430,-88,1732,-2948,2675,1546,-126
468,-131,477,7437,-14486,22,1488,-2713,2561,1737,-53
469,-130,780,7692,-14452,-31,1363,-2610,2437,1869,40
470,-131,135,7385,-14403,-2,1531,-2712,2407,1987,22
471,-131,276,7166,-14495,-67,1506,-2714,2354,2095,62
472,-133,2,7678,-14624,-141,1641,-2595,2316,2207,124
473,-131,908,7312,-14298,-200,1477,-2700,2247,2194,142
474,-133,1234,7739,-14419,-160,1560,-2970,2188,2299,124
475,-131,180,7336,-14205,44,1562,-2942,2210,2424,222
476,-127,-324,7242,-14555,22,1422,-2636,2016,2649,254
477,-136,757,7194,-14027,-115,1273,-2308,1692,3041,311
478,-131,-57,7059,-13394,48,1308,-2473,1630,3202,223
479,-131,-54,7204,-13386,-143,1400,-2553,1470,3281,286
480,-132,1119,7470,-14310,-11,1254,-2429,1368,3338,305
481,-133,288,7663,-14306,-23,1501,-2746,1214,3381,270
482,-132,-369,7557,-13955,-77,1761,-2971,991,3405,278
483,-134,-361,7718,-14539,-60,1655,-2923,765,3376,211
484,-132,737,7728,-14523,70,1480,-2820,574,3299,175
485,-135,1437,7295,-14375,85,1373,-2812,286,3224,83
486,-133,1267,7965,-14741,-89,1437,-2761,137,3094,-5
487,-133,68,7637,-14680,21,1313,-2550,81,2889,-77
488,-135,254,7323,-14704,-185,1358,-2744,-35,2651,-106
489,-136,631,7429,-14154,-216,1485,-2863,-171,2486,-83
490,-130,60,7950,-14311,11,1302,-2354,-158,2250,-258
491,-133,589,6723,-14957,-46,1154,-2002,-95,1999,-273
492,-134,705,6815,-14391,-172,898,-1877,-101,1874,-341
493,-133,972,6903,-14440,-76,802,-1301,-142,1799,-398
494,-133,90,7287,-15082,-164,642,-1107,-168,1747,-440
495,-131,151,7157,-15266,-107,430,-825,-198,1697,-492
496,-132,764,7111,-15294,-53,273,-229,-154,1620,-504
497,-130,821,7744,-15826,9,-442,1225,-99,1558,-420
498,-135,-2754,7991,-15702,-82,43,165,72,1522,-378
499,-131,-438,7881,-15296,-170,165,31,67,1498,-363
500,-134,555,6801,-14696,-272,73,-2,261,1330,-390
501,-133,925,7203,-14410,-250,150,80,229,1347,-348
502,-133,1551,7674,-14326,-53,192,-60,174,1381,-270
503,-132,109,7446,-14811,51,55,-119,163,1405,-312
504,-132,-24,6797,-14743,-146,86,11,163,1405,-317
505,-134,2058,7251,-13967,-148,-28,326,134,1515,-326
506,-133,2246,7197,-14202,-84,-1051,2362,159,1680,-302
507,-134,2137,7681,-14366,16,-1647,3650,197,1874,-185
508,-133,1405,7543,-14239,-122,-1898,4216,342,2116,-50
509,-133,1067,7591,-13457,-71,-1878,4051,625,2332,13
510,-132,969,7416,-14958,-279,-1538,3675,846,2517,174
511,-135,209,8233,-14205,-235,-1499,3259,965,2698,166
512,-133,1135,6469,-13978,55,-1300,2899,1086,2849,256
513,-134,10,7959,-14348,85,-1511,3097,1376,2870,277
514,-133,127,7794,-14727,157,-1441,3066,1582,2914,323
515,-133,552,7363,-14332,151,-1445,2920,1637,3009,257
516,-133,38,6973,-14399,-171,-1297,2905,1736,2998,296
517,-135,-227,7382,-14635,-175,-1318,2879,1911,2817,284
518,-135,-58,7377,-14480,-237,-1145,2615,2078,2657,214
519,-133,427,7408,-14082,-178,-1149,2637,2109,2584,294
520,-134,-107,7422,-14258,14,-1298,2777,2159,2478,200
521,-132,381,7423,-13900,-58,-1403,3083,2201,2372,256
522,-132,595,7639,-14276,61,-1532,3286,2211,2246,115
523,-133,1145,8141,-14304,-123,-1703,3735,2252,2207,150
524,-132,1258,8091,-14083,56,-2060,4290,2176,2200,22
525,-135,-347,7206,-13892,-257,-1923,4306,2175,2153,-44
526,-133,-870,7532,-13104,-100,-1841,4041,2282,1967,-101
527,-133,-963,7394,-13853,-98,-1453,3153,2345,1763,-274
528,-134,-492,7195,-14321,-76,-800,1836,2367,1706,-225
529,-133,-454,7223,-14001,57,-516,1154,2376,1632,-260
530,-134,149,7323,-14953,-103,-83,446,2408,1582,-320
531,-131,-164,7279,-14770,-79,104,2,2382,1499,-262
532,-133,-13,7339,-14021,-73,372,-598,2538,1487,-277
533,-130,2139,7070,-14316,110,110,-3,2540,1463,-278
534,-134,213,7345,-15115,-198,170,-76,2563,1466,-280
535,-129,442,7360,-14243,-191,133,71,2517,1488,-268
536,-133,613,7291,-14122,-54,134,-15,2518,1496,-283
537,-131,212,7456,-15147,-34,61,27,2400,1566,-289
538,-131,758,7341,-14004,30,103,-73,2376,1656,-276
539,-131,501,7188,-14074,136,92,-74,2367,1618,-284
540,-132,371,7103,-14657,-73,88,-43,2321,1691,-219
541,-130,1197,6656,-14851,-811,208,-217,2259,1688,-355
542,-131,967,8299,-12173,-1370,288,-128,2309,1477,-372
543,-131,914,7886,-12321,-3463,200,59,2345,1077,-544
544,-131,473,11101,-10965,-4566,113,263,2328,604,-736
545,-133,1424,13841,-7746,-4390,30,265,2111,312,-1086
546,-132,557,16042,-6760,-3998,20,287,2048,-57,-1407
547,-133,1544,15888,-4559,-3778,-10,182,2074,-276,-1661
548,-131,1299,16740,-2221,-2310,3,48,2122,-463,-1966
549,-132,871,16482,-1290,-1945,419,46,2014,-519,-2087
550,-131,1685,16323,-968,-951,361,-138,2081,-484,-2165
551,-135,1493,16440,-446,-857,133,-16,2025,-485,-2306
552,-135,1268,16411,133,-543,146,-114,2070,-553,-2348
553,-131,1223,15970,-265,-233,166,-108,2152,-649,-2394
554,-131,1333,15843,440,-207,178,-101,2149,-656,-2451
555,-130,1322,16191,692,-148,139,-79,2111,-633,-2390
556,-134,1444,16228,4,-144,115,-97,2123,-543,-2433
557,-132,1389,15944,630,-112,127,-77,2143,-581,-2384
558,-131,1264,16121,546,-19,110,-35,2193,-596,-2413
559,-133,1468,16242,164,-105,138,-77,2132,-600,-2392
560,-133,1417,15875,812,-57,171,-83,2090,-624,-2416
561,-132,1268,15925,655,34,107,-57,2099,-606,-2456
562,-132,748,15925,523,59,664,-11,2176,-619,-2464
563,-130,1945,15683,1189,92,506,-372,2137,-606,-2402
564,-133,1333,16295,180,-34,233,-156,2163,-591,-2385
565,-130,755,16098,606,6,602,15,2142,-564,-2336
566,-132,1207,15586,1116,26,1082,52,2130,-571,-2411
567,-130,1639,15913,523,-117,781,-32,2096,-561,-2382
568,-134,1350,15780,1198,-423,97,-34,2115,-566,-2415
569,-133,879,15752,772,-458,129,-53,2071,-582,-2353
570,-132,1260,15643,1283,-87,120,-80,2147,-608,-2334
571,-135,1130,15776,1040,-71,123,-91,2109,-589,-2390
572,-132,1315,15879,1057,-63,118,-69,2118,-521,-2354
573,-132,1210,15932,1082,-42,129,-59,2149,-595,-2402
574,-135,1212,16026,1197,-41,119,-70,2101,-533,-2354
575,-130,1218,16020,1155,-48,119,-68,2106,-566,-2363
576,-132,1208,15994,1126,-70,119,-73,2104,-600,-2347
577,-133,1205,15937,1058,-50,123,-70,2098,-593,-2294
578,-133,1217,15949,1094,-49,123,-76,2115,-608,-2379
579,-133,1202,16007,1183,-28,119,-75,2092,-585,-2365
580,-134,1208,16024,1167,-49,111,-78,2082,-573,-2335
581,-133,1205,15993,1136,-61,110,-81,2107,-598,-2427
582,-132,1188,15949,1053,-41,113,-70,2107,-558,-2436
583,-133,1196,16013,1178,-37,110,-77,2111,-555,-2354
584,-131,1188,15978,1104,-46,110,-70,2091,-576,-2396
585,-133,1219,15968,1079,-59,110,-80,2125,-566,-2310
586,-133,1189,15966,1079,-57,123,-80,2100,-524,-2385
587,-130,1194,15974,1177,-32,127,-66,2106,-594,-2383
588,-131,1185,16004,1171,-52,112,-75,2104,-550,-2322
589,-134,1205,15930,1092,-56,117,-77,2109,-558,-2386
590,-135,1211,15925,1064,-60,118,-70,2092,-518,-2347
591,-132,1209,15966,1127,-36,105,-75,2059,-578,-2332
592,-133,1177,16040,1147,-51,95,-67,2108,-592,-2376
593,-134,1210,16027,1093,-57,115,-65,2117,-545,-2373
594,-132,1232,15936,1065,-56,118,-75,2136,-556,-2372
595,-133,1227,15974,1184,-35,106,-72,2087,-550,-2363
596,-132,1221,16018,1174,-43,106,-75,2081,-536,-2339
597,-131,1210,15991,1134,-54,106,-81,2065,-573,-2328
598,-135,1189,15969,1084,-55,110,-72,2080,-583,-2340
599,-130,1210,15937,1066,-59,122,-67,2039,-587,-2374
600,-133,1193,15972,1130,-41,118,-80,2111,-583,-2327
601,-136,1193,15992,1160,-42,104,-70,2051,-595,-2391
602,-134,1147,15985,1153,-46,106,-73,2107,-544,-2370
603,-132,1191,15967,1084,-66,106,-64,2079,-545,-2346
604,-131,1244,15952,1088,-64,113,-67,2123,-537,-2375
605,-134,1212,15981,1138,-33,120,-73,2112,-571,-2339
606,-136,1212,15983,1166,-46,113,-66,2117,-548,-2439
607,-134,1227,15998,1156,-50,99,-71,2102,-590,-2352
608,-131,1280,15970,1094,-63,105,-85,2096,-589,-2389
609,-132,1248,15967,1084,-55,116,-79,2105,-571,-2398
610,-132,1206,15967,1136,-35,111,-76,2091,-538,-2376
611,-131,1151,15981,1172,-40,104,-74,2096,-621,-2293
612,-133,1179,16004,1171,-38,106,-75,2064,-568,-2366
613,-133,1207,15977,1130,-62,107,-66,2088,-549,-2298
614,-132,1219,15952,1060,-73,114,-74,2053,-565,-2321
615,-134,1194,15946,1113,-45,109,-65,2087,-574,-2332
616,-131,1208,15985,1136,-40,108,-78,2093,-596,-2392
617,-131,1213,16015,1147,-59,109,-74,2119,-600,-2372
618,-133,1204,15976,1130,-61,111,-75,2094,-599,-2303
619,-132,1218,15971,1109,-60,117,-75,2085,-538,-2390
620,-133,1212,16021,1151,-47,115,-65,2080,-571,-2361
621,-133,1193,15954,1096,-50,105,-72,2109,-584,-2392
622,-130,1214,15934,1056,-64,119,-76,2124,-554,-2356
623,-132,1212,15979,1141,-42,128,-80,2074,-580,-2337
624,-131,1191,16001,1192,-36,112,-79,2138,-594,-2305
625,-133,1214,15938,1092,-59,120,-72,2090,-575,-2402
626,-132,1215,15929,1048,-57,126,-74,2094,-587,-2317
627,-131,1200,15974,1149,-47,118,-67,2078,-543,-2284
628,-133,1203,15999,1172,-54,115,-71,2103,-569,-2360
629,-132,1234,15941,1073,-60,111,-74,2121,-589,-2328
630,-133,1213,15926,1132,-57,117,-68,2127,-569,-2283
631,-131,1229,15992,1142,-34,122,-71,2151,-571,-2376
632,-130,1208,16024,1165,-45,123,-67,2107,-557,-2336
633,-134,1211,15985,1126,-61,108,-73,2100,-548,-2301
634,-135,1225,15962,1135,-53,118,-68,2082,-546,-2325
635,-132,1189,16021,1191,-41,100,-77,2095,-555,-2382
636,-134,1198,15978,1095,-47,113,-79,2119,-553,-2355
637,-131,1212,15951,1085,-63,121,-72,2151,-547,-2359
638,-131,1277,16019,1054,-19,16,-57,2121,-535,-2326
639,-134,1351,16007,1158,-123,179,-53,2139,-581,-2398
640,-133,1154,16139,887,36,152,-88,2122,-580,-2350
641,-132,1302,15908,1360,-100,117,-72,2105,-593,-2368
642,-132,1067,16133,875,-42,112,-88,2118,-576,-2354
643,-137,1318,15822,1264,-66,63,-59,2124,-539,-2361
644,-132,1402,16085,1010,-43,140,-71,2068,-552,-2332
645,-133,1358,16123,1107,-122,70,-47,2116,-600,-2382
646,-134,1390,15906,1433,10,121,-75,2065,-572,-2408
647,-134,1206,15946,1075,-113,192,-62,2104,-550,-2372
648,-133,1206,15967,1165,-31,89,-75,2126,-547,-2279
649,-131,1253,15888,1359,-105,114,-49,2113,-537,-2364
650,-132,1226,16091,1128,11,122,-82,2065,-550,-2368
651,-130,1211,16020,1240,-65,139,-78,2108,-533,-2351
652,-132,1258,16043,1090,-86,112,-63,2138,-562,-2392
653,-133,1282,15904,1216,-33,113,-64,2133,-587,-2359
654,-132,1226,16100,1023,-5,121,-77,2084,-559,-2314
655,-132,1072,16057,1199,-64,115,-70,2090,-562,-2352
656,-130,1088,15985,1253,-32,112,-80,2083,-582,-2356
657,-133,1230,15979,1124,-60,119,-79,2109,-593,-2365
658,-130,1217,15955,1197,-43,143,-77,2129,-568,-2373
659,-132,1182,16027,1158,-68,123,-80,2102,-530,-2378
660,-131,1217,15938,1145,-41,121,-68,2121,-575,-2406
661,-133,1259,16020,1042,-53,115,-62,2137,-558,-2347
662,-135,1241,15992,1262,-41,118,-79,2105,-559,-2399
663,-133,1222,15980,1027,-62,123,-73,2119,-547,-2376
664,-131,1220,15911,1125,-67,111,-76,2050,-546,-2383
665,-132,1282,15947,1213,-46,113,-74,2128,-544,-2361
666,-134,1218,16092,799,-50,-101,-107,2093,-517,-2339
667,-131,1296,15728,1357,-29,-671,-102,2123,-533,-2354
668,-133,1611,16240,1010,99,-469,5,2110,-542,-2432
669,-132,-131,16299,1350,-113,-1147,-86,2091,-628,-2352
670,-131,1294,15945,1271,-238,-2383,-314,2132,-660,-2463
671,-134,1748,16279,1180,-268,-2890,-246,2204,-663,-2512
672,-129,1000,15990,1065,-347,-3074,-239,2250,-717,-2675
673,-133,1034,16020,1038,-113,-3085,-219,2218,-744,-2716
674,-132,952,15782,1694,-261,-3149,-238,2217,-735,-2737
675,-133,1042,15526,1735,-286,-3491,-341,2157,-754,-2868
676,-133,340,16159,902,-315,-3546,-123,2106,-793,-2974
677,-133,1868,16068,832,-270,-3164,-184,1997,-770,-2984
678,-131,509,16655,643,-483,-2981,-72,1878,-812,-3085
679,-132,1101,15920,824,-115,-3027,-166,1834,-787,-3144
680,-131,1487,15656,1520,-227,-2925,-65,1732,-808,-3165
681,-132,2032,15983,1426,-394,-2889,-120,1620,-784,-3237
682,-132,212,15816,1987,-87,-1971,-140,1541,-787,-3276
683,-131,1292,16183,967,-148,-799,-92,1472,-773,-3192
684,-131,677,16277,899,9,-669,-27,1441,-802,-3241
685,-131,1138,16187,530,-139,66,-56,1429,-770,-3290
686,-134,1221,16023,1052,-117,77,-11,1482,-787,-3242
687,-134,1130,16148,1006,-85,129,-34,1433,-825,-3292
688,-132,1074,16148,1142,-82,118,-42,1364,-794,-3269
689,-133,1098,15984,1269,-48,91,-29,1388,-791,-3237
690,-132,1302,16056,956,-50,105,-14,1406,-796,-3255
691,-134,1213,16203,712,-36,138,-38,1401,-795,-3249
692,-130,1032,16021,1195,-22,199,-55,1449,-817,-3242
693,-132,655,15929,1222,-60,780,-9,1422,-763,-3181
694,-132,2384,15829,800,-43,766,-330,1525,-774,-3243
695,-131,910,16000,886,221,390,-193,1543,-785,-3193
696,-130,143,15822,1288,-5,2142,132,1555,-813,-3231
697,-131,530,16181,1091,71,3549,189,1679,-774,-3177
698,-130,471,15967,1328,75,4228,151,1740,-703,-3166
699,-130,658,16099,1499,145,4171,148,1863,-694,-3083
700,-131,782,15888,1422,194,3853,217,1929,-630,-3059
701,-133,919,16027,1104,214,3931,237,2032,-584,-2926
702,-133,1526,15794,1663,164,4137,162,2098,-594,-2821
703,-133,1578,16369,1390,174,3879,114,2098,-554,-2642
704,-131,1489,16067,1558,153,3712,138,2118,-525,-2592
705,-132,1447,16220,893,9,3187,16,2110,-512,-2502
706,-132,1246,15897,708,66,2836,126,2063,-513,-2420
707,-131,1562,16050,1091,-6,1994,45,2101,-513,-2385
708,-133,1416,15975,697,-113,942,19,2077,-517,-2349
709,-131,1422,15732,1458,-103,95,-59,2042,-524,-2338
710,-129,1441,15876,1276,-111,28,-43,2089,-519,-2374
711,-131,1286,15844,1418,23,128,-121,2073,-515,-2401
712,-132,1528,15935,1120,-34,148,-80,2047,-545,-2329
713,-131,982,16016,1055,-19,150,-120,2021,-516,-2408
714,-130,1232,15970,1242,-35,80,-64,2053,-506,-2353
715,-129,1313,16030,1118,-32,117,-78,2072,-542,-2339
716,-132,1294,15924,1179,-69,116,-82,2078,-529,-2311
717,-132,1206,15927,1074,-42,126,-86,2091,-527,-2292
718,-129,1214,15927,1128,-54,117,-81,2097,-534,-2334
719,-128,1229,16022,1223,-31,116,-80,2053,-514,-2324
720,-132,1355,16518,919,57,71,-94,2105,-509,-2320
721,-132,1364,15762,1499,-413,219,-60,2048,-500,-2401
722,-132,1314,16328,517,256,-141,-107,2080,-509,-2346
723,-131,770,15620,1773,-139,547,16,2109,-539,-2310
724,-133,976,16340,699,-76,201,39,2087,-532,-2295
725,-135,966,16124,799,121,1083,122,2033,-565,-2383
726,-130,1608,15969,605,-201,2377,-109,2001,-519,-2333
727,-132,618,15650,1562,62,2924,53,1998,-520,-2223
728,-130,603,15195,1261,185,3586,380,1961,-500,-2151
729,-131,766,16447,1261,145,3693,-37,1857,-455,-2083
730,-132,1737,15980,2040,176,3518,195,1866,-484,-1991
731,-133,480,15992,757,43,3268,151,1789,-485,-1979
732,-133,986,16211,1389,266,3252,92,1719,-487,-1884
733,-131,1780,15957,1012,142,3482,-11,1633,-408,-1792
734,-131,289,15755,1684,190,3842,67,1565,-439,-1784
735,-132,998,15626,1598,176,3723,152,1459,-404,-1671
736,-131,1092,16077,1021,128,3064,-76,1380,-398,-1652
737,-131,1127,15499,1239,31,2186,17,1258,-369,-1608
738,-133,1362,15934,1492,22,1386,42,1199,-365,-1555
739,-134,2006,15950,854,43,507,-43,1151,-372,-1601
740,-133,1147,15657,1443,-189,260,-19,1215,-309,-1569
741,-134,1352,15720,1224,-323,-290,-109,1202,-333,-1598
742,-133,606,16042,876,-88,-7,-109,1139,-311,-1609
743,-135,946,15562,1908,211,564,-97,1166,-331,-1601
744,-132,1673,15976,739,-66,37,-115,1099,-306,-1557
745,-134,1168,15789,1508,-41,154,-125,1138,-298,-1577
746,-131,1131,15961,1372,26,101,-96,1144,-340,-1569
747,-133,959,16266,601,-144,18,-101,1125,-303,-1529
748,-132,1483,15838,1347,99,82,-74,1148,-344,-1554
749,-134,937,15567,1661,-141,133,-110,1064,-244,-1569
750,-132,807,15146,2106,-102,15,-204,1133,-314,-1555
751,-133,1735,16387,560,154,-642,-241,1141,-349,-1508
752,-133,-170,16145,1271,94,-1091,-290,1159,-285,-1563
753,-129,2080,16569,250,-253,-1715,-134,1177,-315,-1595
754,-132,1514,15534,1768,-272,-3275,-301,1273,-326,-1636
755,-132,1582,15540,1577,-337,-3980,-389,1454,-354,-1736
756,-132,875,16279,1015,-362,-4327,-334,1615,-457,-1785
757,-132,1348,16213,1172,-82,-4030,-246,1702,-511,-1823
758,-134,1934,16560,435,-496,-3882,-230,1869,-524,-1915
759,-134,1120,16266,1468,-276,-3963,-152,1960,-562,-1986
760,-135,951,16163,1157,-259,-3356,-282,2041,-606,-2065
761,-132,1019,15832,1578,-237,-2755,-346,2067,-605,-2136
762,-132,926,16152,1429,-231,-2547,-149,2164,-691,-2194
763,-131,994,15986,1261,-115,-2645,-82,2130,-623,-2297
764,-134,625,15959,1513,-56,-1583,-68,2187,-674,-2272
765,-133,1093,16062,1094,-186,-523,-188,2211,-668,-2334
766,-133,1352,16048,834,1,311,-73,2202,-653,-2332
767,-132,835,15852,1369,-78,169,-27,2211,-670,-2335
768,-132,1262,16126,993,14,295,-97,2197,-673,-2393
769,-134,1037,15618,1158,-148,721,76,2183,-629,-2300
770,-132,1466,15780,1270,140,291,-56,2175,-652,-2301
771,-133,785,15788,1408,-182,99,-2,2137,-610,-2313
772,-131,1260,16053,1056,234,206,-89,2135,-610,-2313
773,-132,922,16263,1061,-34,387,-17,2143,-607,-2281
774,-130,633,15640,1332,61,180,-22,2141,-636,-2295
775,-134,395,16289,983,89,671,136,2119,-587,-2319
776,-132,486,15922,1278,23,2111,112,2080,-522,-2304
777,-134,1391,16032,1135,169,3490,224,1970,-490,-2260
778,-134,743,16079,1532,85,4405,168,1910,-546,-2184
779,-131,1042,16406,1015,194,4960,151,1819,-508,-2073
780,-133,833,16011,2022,246,5431,146,1706,-472,-1920
781,-130,1244,15091,2233,219,5359,159,1618,-458,-1829
782,-134,1444,16750,1120,103,5165,253,1477,-472,-1749
783,-134,698,16182,1256,229,5566,282,1332,-412,-1660
784,-131,1974,15556,2190,379,5288,117,1151,-378,-1606
785,-132,1148,15288,2159,50,5553,324,902,-368,-1468
786,-132,1339,16428,1140,450,5475,274,656,-298,-1401
787,-132,205,16097,879,188,4939,35,299,-313,-1551
788,-132,439,15963,904,82,4307,261,122,-331,-1575
789,-133,3567,16495,2332,-87,3745,228,12,-425,-1680
790,-134,2074,16263,837,89,3532,66,-72,-520,-1839
791,-131,1062,15817,2153,265,3813,99,-183,-456,-1978
792,-132,2181,15817,1973,-8,4122,105,-126,-582,-2127
793,-133,582,16145,1581,436,3500,-102,-133,-576,-2333
794,-131,2735,15978,1468,-58,2391,329,-63,-629,-2455
795,-131,1703,17189,236,72,1467,-33,-64,-628,-2500
796,-132,1775,15280,2220,12,659,-87,37,-726,-2461
797,-133,1069,16139,404,-208,-147,26,109,-741,-2518
798,-132,853,15625,1558,73,-82,-74,46,-668,-2473
799,-132,1162,16233,694,-102,95,-44,61,-720,-2421
800,-132,1046,15839,1452,24,105,-45,48,-681,-2491
801,-131,1185,16154,722,-139,129,-32,103,-750,-2519
802,-131,1093,15713,1378,-19,113,-40,49,-716,-2509
803,-132,1183,16137,818,-65,139,-23,73,-745,-2457
804,-130,448,15821,1471,-69,989,170,40,-679,-2571
805,-132,1391,15485,1177,337,249,-140,126,-778,-2533
806,-133,1688,15907,1225,-392,-430,-62,37,-711,-2504
807,-133,513,16383,475,43,-316,66,7,-746,-2476
808,-132,871,15522,1954,15,514,-39,56,-711,-2528
809,-133,1656,16142,969,370,-74,-360,78,-733,-2486
810,-134,1152,16807,242,-211,-920,-180,8,-661,-2530
811,-132,17,16098,450,270,-585,53,119,-838,-2458
812,-134,2446,15536,1147,-154,-1129,-162,157,-846,-2404
813,-132,1174,16395,708,-156,-2233,-119,250,-917,-2404
814,-132,78,15966,1777,-312,-2650,-219,204,-906,-2212
815,-134,-68,16639,363,-115,-2630,-238,157,-813,-2100
816,-135,1098,16208,1182,-106,-2670,-51,201,-817,-1977
817,-133,735,16375,970,-191,-3014,-192,310,-860,-1856
818,-132,1192,16583,676,-147,-3537,-225,393,-887,-1710
819,-135,952,16043,1313,-276,-4009,-223,566,-895,-1562
820,-134,217,16111,1222,-175,-4169,-164,780,-853,-1531
821,-133,374,15666,1699,-278,-4092,-200,1141,-981,-1450
822,-134,1202,16040,1466,-282,-4261,-248,1359,-950,-1433
823,-137,1318,16081,1067,-305,-4176,-160,1593,-1012,-1519
824,-131,1226,15739,1576,-405,-3977,-333,1820,-1086,-1586
825,-133,1278,15688,1759,-236,-3528,-304,1971,-1120,-1642
826,-133,1187,16275,724,-126,-3413,-249,2155,-1145,-1653
827,-133,1572,15928,1304,-265,-3358,-282,2252,-1149,-1727
828,-131,1846,15904,1045,-182,-3364,-242,2309,-1168,-1838
829,-133,813,15784,1659,-273,-3270,-157,2398,-1188,-1883
830,-132,1103,16171,1409,-148,-3306,-271,2507,-1191,-1938
831,-132,502,16002,1379,-237,-2802,-134,2566,-1191,-2017
832,-135,523,16161,1366,-119,-2707,-170,2586,-1240,-2098
833,-132,877,15520,1546,-206,-2336,-138,2619,-1185,-2186
834,-133,659,15848,1293,-222,-2137,-108,2613,-1215,-2181
835,-133,722,16596,1109,-114,-1746,-93,2674,-1204,-2222
836,-134,1172,16477,757,-280,-1107,-31,2683,-1229,-2262
837,-132,1703,16088,1241,-237,-742,-65,2693,-1206,-2383
838,-132,1477,15990,1043,-131,-587,-40,2707,-1207,-2360
839,-132,841,16044,1495,-63,-659,-86,2707,-1213,-2408
840,-133,209,15579,1741,101,-181,38,2673,-1220,-2342
841,-133,1531,16047,655,-58,151,54,2704,-1219,-2343
842,-131,1236,15905,1011,-45,166,-8,2694,-1205,-2392
843,-134,1021,15892,1576,-94,320,46,2663,-1216,-2342
844,-132,1089,16232,872,-123,554,54,2643,-1212,-2359
845,-129,1551,15829,1463,-2,129,18,2680,-1196,-2352
846,-132,1159,16109,892,-134,94,33,2685,-1154,-2380
847,-130,1266,15911,1524,25,133,-9,2664,-1176,-2334
848,-133,1200,16172,1063,-104,96,15,2688,-1194,-2436
849,-130,1307,15913,1378,-59,128,-3,2670,-1201,-2380
850,-132,1203,16183,1058,-59,108,12,2660,-1165,-2333
851,-130,1282,16006,1392,-53,117,3,2696,-1193,-2386
852,-134,1245,16092,993,-66,113,11,2642,-1198,-2317
853,-131,1267,15986,1324,-62,118,4,2658,-1169,-2357
854,-133,1237,16096,1193,-40,108,6,2678,-1174,-2363
855,-133,1236,15970,1227,-80,108,10,2688,-1166,-2366
856,-131,1231,16040,1154,-57,122,3,2670,-1195,-2298
857,-134,1243,16065,1288,-64,114,19,2680,-1178,-2321
858,-131,1246,16065,1240,-46,109,-4,2650,-1195,-2321
859,-130,1242,16001,1144,-98,110,9,2676,-1175,-2293
860,-129,1246,16032,1211,-51,102,8,2672,-1139,-2294
861,-133,1247,16100,1265,-51,114,13,2672,-1175,-2328
862,-130,1249,16003,1184,-47,118,5,2665,-1144,-2335
863,-131,1245,16097,1255,-48,109,3,2654,-1140,-2361
864,-131,1256,16015,1215,-79,128,5,2671,-1150,-2387
865,-131,1253,16025,1140,-52,119,10,2661,-1151,-2348
866,-133,1242,16061,1280,-48,120,17,2661,-1145,-2318
867,-131,1247,16083,1264,-50,103,3,2678,-1132,-2289
868,-131,1244,16029,1165,-77,118,9,2670,-1163,-2351
869,-133,1272,16032,1160,-60,116,-3,2700,-1148,-2263
870,-134,1244,16075,1269,-55,113,3,2632,-1164,-2356
871,-130,1242,16041,1204,-50,118,10,2655,-1169,-2316
872,-132,1247,16003,1166,-78,111,-5,2682,-1184,-2292
873,-133,604,16393,1035,-150,-1696,35,2687,-1195,-2355
874,-132,2631,15706,1767,40,-186,-42,2629,-1187,-2341
875,-132,1973,16201,1405,-185,-550,-31,2605,-1166,-2409
876,-130,388,16204,1293,-254,-505,-193,2643,-1177,-2412
877,-129,-254,16394,1369,-99,-470,52,2739,-1235,-2435
878,-131,1329,16127,1554,-84,93,118,2703,-1197,-2335
879,-132,1087,16188,977,67,576,47,2703,-1151,-2407
880,-133,1595,15985,1358,-119,557,-20,2645,-1142,-2412
881,-130,1137,16034,1194,4,38,21,2680,-1156,-2393
882,-131,1354,16131,1153,-62,131,-2,2655,-1182,-2364
883,-132,1065,15968,1339,-23,93,-7,2656,-1169,-2358
884,-135,1151,16041,1094,-82,86,16,2672,-1193,-2389
885,-131,1235,15969,1292,-70,106,4,2679,-1150,-2344
886,-131,1165,16066,1211,-37,105,8,2655,-1187,-2357
887,-133,1203,16033,1287,-79,99,8,2663,-1150,-2349
888,-132,1218,16032,1150,-40,105,8,2698,-1148,-2331
889,-132,1227,16096,1271,-44,105,7,2685,-1137,-2352
890,-133,1238,16071,1247,-57,109,7,2672,-1170,-2370
891,-132,1226,16012,1137,-84,106,7,2668,-1132,-2351
892,-131,1242,16017,1234,-46,103,6,2646,-1137,-2369
893,-133,1249,16094,1241,-50,104,6,2654,-1120,-2374
894,-131,1257,16016,1204,-63,110,1,2649,-1136,-2338
895,-132,1234,16035,1190,-44,110,8,2665,-1142,-2392
896,-131,1215,16071,1289,-51,119,5,2665,-1135,-2431
897,-131,1230,16047,1192,-67,107,9,2673,-1131,-2401
898,-130,1261,16008,1156,-52,107,17,2657,-1142,-2355
899,-134,1240,16071,1244,-36,101,13,2649,-1120,-2390
900,-133,1247,16077,1251,-59,109,4,2616,-1138,-2412
901,-134,1246,15994,1158,-53,113,5,2634,-1154,-2345
902,-135,1228,16054,1263,-39,110,8,2658,-1132,-2368
903,-133,1258,16042,1243,-66,111,-2,2647,-1143,-2383
904,-133,1256,15986,1142,-80,115,7,2646,-1138,-2443
905,-131,1262,16040,1232,-44,115,8,2647,-1139,-2445
906,-132,1274,16075,1267,-44,110,1,2635,-1151,-2452
907,-131,1269,16049,1234,-68,112,3,2623,-1171,-2412
908,-132,1284,15998,1135,-72,118,2,2669,-1169,-2423
909,-132,1276,16046,1234,-50,113,14,2640,-1128,-2389
910,-130,1265,16071,1265,-45,108,-5,2659,-1117,-2405
911,-134,1264,16024,1154,-69,118,-3,2653,-1164,-2388
912,-131,1273,15985,1136,-70,118,7,2685,-1125,-2369
913,-132,1247,16039,1286,-32,110,13,2597,-1168,-2346
914,-132,1249,16065,1270,-43,104,-1,2634,-1108,-2400
915,-131,1254,16012,1160,-77,129,1,2648,-1102,-2456
916,-129,1274,16022,1191,-50,126,3,2651,-1147,-2419
917,-131,1251,16033,1225,-49,99,1,2667,-1162,-2404
918,-133,1261,16071,1260,-54,106,-4,2652,-1129,-2457
919,-133,1262,16008,1164,-79,117,1,2668,-1127,-2371
920,-131,1273,16033,1163,-48,117,4,2648,-1111,-2442
921,-134,1258,16063,1283,-31,102,-8,2632,-1107,-2374
922,-131,1265,16038,1211,-58,116,-1,2657,-1117,-2432
923,-134,1272,16001,1138,-75,114,250,2664,-1121,-2436
924,-134,1270,16003,1161,-59,120,6,2625,-1091,-2415
925,-132,1249,16061,1282,-43,106,-2,2641,-1114,-2411
926,-132,1270,16021,1136,-74,123,-4,2641,-1126,-2396
927,-132,1284,16079,1254,-42,110,3,2660,-1128,-2369
928,-129,1263,16061,1227,-70,105,-3,2662,-1115,-2427
929,-129,1271,15986,1198,-60,113,2,2672,-1133,-2361
930,-132,1270,16091,1280,-34,106,4,2641,-1145,-2380
931,-127,1263,16033,1179,-52,108,-5,2654,-1123,-2429
932,-132,1247,15991,1150,-60,117,7,2659,-1128,-2401
933,-130,1274,16052,1250,-51,111,7,2631,-1165,-2373
934,-130,1248,16046,1227,-37,102,-5,2653,-1134,-2419
935,-132,1282,16000,1153,-75,111,2,2626,-1149,-2363
936,-130,1265,16039,1227,-47,112,5,2641,-1097,-2396
937,-132,1243,16068,1261,-55,109,0,2653,-1120,-2413
938,-133,1268,16007,1154,-73,122,0,2631,-1108,-2410
939,-133,1261,16040,1262,-36,116,-9,2621,-1129,-2396
940,-132,1265,16060,1234,-72,115,-4,2642,-1143,-2386
941,-131,1249,15991,1145,-84,118,-1,2605,-1157,-2479
942,-132,1270,16045,1202,-48,118,-7,2654,-1145,-2387
943,-133,1256,16077,1269,-42,103,-1,2642,-1161,-2414
944,-132,1263,16010,1173,-84,109,-1,2655,-1121,-2361
945,-133,1269,15998,1164,-57,122,4,2647,-1118,-2399
946,-131,1259,16056,1272,-42,108,1,2608,-1125,-2390
947,-130,1250,16056,1235,-66,107,-4,2651,-1175,-2329
948,-132,1528,15993,1151,-78,112,-3,2649,-1178,-2359
949,-132,1273,16016,1182,-63,113,-3,2596,-1163,-2379
950,-132,1242,16052,1274,-41,108,3,2667,-1141,-2380
951,-133,1265,16051,1238,-72,106,-6,2665,-1145,-2361
952,-131,1268,15986,1134,-78,120,0,2607,-1153,-2391
953,-133,1270,16054,1217,-51,120,-2,2644,-1171,-2404
954,-133,1277,16068,1270,-44,109,-8,2602,-1140,-2410
955,-130,1251,16012,1120,-77,112,3,2617,-1173,-2407
956,-131,1267,15996,1133,-75,124,1,2634,-1163,-2371
957,-133,1249,16050,1224,-43,115,-1,2647,-1170,-2421
958,-130,1266,16069,1260,-51,118,0,2660,-1164,-2399
959,-132,1279,16012,1151,-65,122,4,2664,-1094,-2434
960,-131,1255,16070,1279,-51,107,2,2648,-1150,-2321
961,-131,1276,16054,1213,-70,112,0,2656,-1137,-2359
962,-132,1264,15982,1120,-74,117,5,2656,-1156,-2396
963,-130,1254,16057,1243,-51,118,11,2627,-1143,-2331
964,-135,1265,16024,1181,-76,122,-6,2622,-1164,-2453
965,-132,1286,16018,1156,-51,117,-5,2637,-1172,-2361
966,-132,1256,16059,1276,-48,104,-6,2626,-1160,-2371
967,-130,1257,16044,1207,-76,100,-3,2591,-1146,-2397
968,-131,1274,15998,1145,-63,115,1,2631,-1137,-2322
969,-132,1248,16082,1269,-40,108,-1,2640,-1197,-2308
970,-131,1250,15993,1159,-76,115,-1,2609,-1126,-2388
971,-133,1268,16015,1170,-56,117,-1,2667,-1119,-2342
972,-133,1266,16094,1282,-48,116,-6,2623,-1174,-2374
973,-131,1261,16010,1188,-68,121,-2,2660,-1182,-2406
974,-133,1273,16002,1140,-62,125,-1,2646,-1123,-2330
975,-130,1249,16070,1267,-52,103,-7,2670,-1136,-2387
976,-132,1253,15995,1147,-70,116,2,2674,-1125,-2401
977,-133,1264,16079,1266,-50,110,4,2602,-1156,-2349
978,-130,1263,16048,1209,-70,113,-6,2634,-1154,-2369
979,-130,1263,15990,1157,-76,118,-2,2653,-1145,-2325
980,-131,1257,16034,1231,-55,108,6,2683,-1131,-2379
981,-128,1254,16077,1271,-45,99,-2,2680,-1144,-2370
982,-130,1269,16046,1227,-66,111,-5,2647,-1155,-2391
983,-130,1261,16033,1180,-66,116,0,2679,-1140,-2387
984,-131,1262,16042,1479,-37,113,7,2673,-1168,-2318
985,-129,1267,16068,1265,-58,111,-4,2669,-1154,-2416
986,-130,1257,16002,1169,-79,118,-4,2673,-1142,-2342
987,-133,1278,16026,1182,-56,129,2,2649,-1134,-2345
988,-131,1277,16082,1254,-47,123,-2,2682,-1157,-2344
989,-134,1246,16047,1215,-78,112,4,2654,-1163,-2365
990,-132,1267,15978,1164,-83,115,5,2666,-1140,-2356
991,-131,1271,16058,1234,-50,107,-3,2685,-1112,-2456
992,-133,1256,16063,1269,-49,112,-6,2670,-1139,-2411
993,-132,1265,15997,1145,-72,115,-5,2626,-1123,-2389
994,-130,1261,16027,1202,-45,121,-1,2618,-1171,-2462
995,-133,1271,16091,1284,-43,108,-10,2651,-1147,-2388
996,-133,1243,16006,1189,-75,119,0,2630,-1129,-2420
997,-133,1259,16010,1174,-57,120,-4,2638,-1180,-2415
998,-132,1266,16063,1272,-52,115,-5,2620,-1166,-2399
999,-132,1272,16044,1215,-65,113,-4,2657,-1148,-2421
