,temp,acc_x,acc_y,acc_z,gyro_x,gyro_y,gyro_z,mag_x,mag_y,mag_z,time
0,-181,1220,15942,487,-97,136,-33,2499,-976,-2348,2022-10-15 13:29:03.413191
1,-173,1251,16065,460,-68,96,-31,2501,-1027,-2365,2022-10-15 13:29:03.576882
2,-173,1217,16058,652,-76,85,-39,2527,-1015,-2299,2022-10-15 13:29:03.713630
3,-172,1295,16046,799,-52,109,-33,2502,-1001,-2324,2022-10-15 13:29:03.850976
4,-168,1277,16016,835,-30,113,-33,2487,-983,-2304,2022-10-15 13:29:03.989925
5,-169,1268,16008,704,-48,118,-30,2483,-1003,-2330,2022-10-15 13:29:04.129095
6,-168,1362,15839,1061,-66,-107,-16,2508,-1034,-2338,2022-10-15 13:29:04.270386
7,-163,1242,16356,320,-123,-26,-55,2538,-976,-2379,2022-10-15 13:29:04.413272
8,-165,1058,15882,1349,-37,156,-34,2543,-996,-2332,2022-10-15 13:29:04.556632
9,-165,1277,15794,1362,-49,-175,-15,2536,-997,-2342,2022-10-15 13:29:04.702717
10,-165,2228,15391,1120,-105,-3,-37,2512,-1021,-2416,2022-10-15 13:29:04.855125
11,-163,1939,16153,696,267,-128,-24,2485,-1013,-2352,2022-10-15 13:29:05.005389
12,-164,1181,16298,264,-66,-2152,-300,2467,-1062,-2423,2022-10-15 13:29:05.156524
13,-161,2144,15876,1267,-441,-4100,-118,2616,-1085,-2483,2022-10-15 13:29:05.309950
14,-162,390,16094,1418,-233,-5475,-278,2610,-1140,-2675,2022-10-15 13:29:05.469039
15,-162,2164,16317,1792,-285,-5819,-355,2515,-1208,-2832,2022-10-15 13:29:05.625892
16,-161,1126,16285,978,-243,-4915,-254,2413,-1249,-2987,2022-10-15 13:29:05.783566
17,-159,961,15863,816,-266,-4489,-207,2222,-1247,-3114,2022-10-15 13:29:05.944953
18,-159,1464,16160,1099,-204,-2990,-145,2006,-1262,-3144,2022-10-15 13:29:06.105956
19,-156,1015,16096,160,-295,-927,-23,1892,-1245,-3176,2022-10-15 13:29:06.269312
20,-155,721,16239,783,-168,110,-23,1883,-1263,-3125,2022-10-15 13:29:06.435256
21,-157,1433,16324,665,-52,-100,14,1898,-1279,-3180,2022-10-15 13:29:06.604061
22,-157,1460,16214,883,-135,-56,-6,1898,-1202,-3114,2022-10-15 13:29:06.770567
23,-158,1122,16406,655,-123,-44,45,1826,-1208,-3208,2022-10-15 13:29:06.937117
24,-157,2086,15866,652,-503,40,59,1895,-1216,-3198,2022-10-15 13:29:07.106264
25,-154,591,15779,1055,-113,97,-34,1810,-1199,-3174,2022-10-15 13:29:07.276686
26,-156,910,15885,1435,-29,128,1,1842,-1208,-3188,2022-10-15 13:29:07.447532
27,-154,2074,16411,301,-75,91,64,1836,-1235,-3220,2022-10-15 13:29:07.620618
28,-154,1060,16216,902,-21,646,50,1810,-1209,-3202,2022-10-15 13:29:07.793803
29,-154,959,15765,1214,107,1087,-124,1869,-1236,-3202,2022-10-15 13:29:07.968307
30,-154,261,16320,1369,-110,3304,387,1994,-1217,-3174,2022-10-15 13:29:08.143561
31,-154,1067,16338,1114,221,4817,261,2160,-1117,-3079,2022-10-15 13:29:08.321526
32,-155,925,16063,1732,253,4986,167,2298,-1092,-2992,2022-10-15 13:29:08.501224
33,-155,800,16035,1306,99,5007,199,2433,-1051,-2770,2022-10-15 13:29:08.682040
34,-153,2059,15923,1682,91,4598,257,2480,-947,-2642,2022-10-15 13:29:08.861015
35,-154,1973,16047,1517,114,3989,161,2472,-926,-2486,2022-10-15 13:29:09.040715
36,-152,1559,16042,1131,-25,2501,52,2443,-871,-2372,2022-10-15 13:29:09.220578
37,-153,1949,15941,623,7,1545,230,2416,-904,-2333,2022-10-15 13:29:09.399125
38,-151,1581,15701,1446,-152,366,-40,2422,-913,-2319,2022-10-15 13:29:09.587909
39,-152,566,16081,942,60,134,-102,2359,-889,-2280,2022-10-15 13:29:09.768542
40,-151,1231,15903,1134,-24,391,-37,2376,-891,-2265,2022-10-15 13:29:09.948479
41,-149,1274,16041,1072,-100,-104,174,2488,-943,-2303,2022-10-15 13:29:10.127740
42,-152,1681,16030,1238,-28,97,229,2447,-926,-2283,2022-10-15 13:29:10.308094
43,-151,1208,15679,1727,-85,145,-55,2416,-869,-2307,2022-10-15 13:29:10.487813
44,-152,284,16260,661,54,444,-111,2418,-899,-2237,2022-10-15 13:29:10.668256
45,-152,720,16490,175,189,2418,6,2387,-893,-2258,2022-10-15 13:29:10.847786
46,-148,837,15978,1160,48,3683,7,2351,-863,-2154,2022-10-15 13:29:11.027271
47,-153,765,15612,1541,65,4813,227,2200,-791,-2044,2022-10-15 13:29:11.211673
48,-152,998,16520,1529,44,4945,321,2064,-822,-1857,2022-10-15 13:29:11.390115
49,-150,1068,15590,1759,80,4086,161,1940,-814,-1797,2022-10-15 13:29:11.571082
50,-151,1139,15555,1665,34,3425,110,1820,-792,-1663,2022-10-15 13:29:11.750252
51,-150,1783,15897,1581,18,3019,192,1709,-814,-1560,2022-10-15 13:29:11.929058
52,-149,1576,16146,938,238,1428,-64,1563,-770,-1560,2022-10-15 13:29:12.107806
53,-151,1660,15482,908,-179,271,-27,1497,-758,-1541,2022-10-15 13:29:12.286792
54,-149,168,15947,1747,174,-425,-43,1473,-767,-1543,2022-10-15 13:29:12.464998
55,-148,1042,15878,1105,-142,-557,-97,1535,-741,-1548,2022-10-15 13:29:12.643962
56,-150,1127,15714,1528,-113,193,-96,1509,-798,-1565,2022-10-15 13:29:12.823146
57,-149,856,15904,1389,-53,33,-42,1552,-759,-1584,2022-10-15 13:29:13.002409
58,-151,1138,15997,1352,-28,100,-41,1522,-805,-1590,2022-10-15 13:29:13.180826
59,-152,1250,16011,1138,-137,60,-3,1577,-801,-1559,2022-10-15 13:29:13.359649
60,-151,1580,16121,1494,-250,-78,125,1531,-809,-1595,2022-10-15 13:29:13.545409
61,-150,2232,16093,1094,-414,-2013,-269,1594,-852,-1655,2022-10-15 13:29:13.724888
62,-150,1065,16212,1643,-328,-3613,-316,1748,-882,-1691,2022-10-15 13:29:13.902615
63,-149,1855,15655,2076,-462,-4385,-426,1922,-899,-1773,2022-10-15 13:29:14.081021
64,-150,1343,15911,1540,-233,-4762,-468,2143,-946,-1960,2022-10-15 13:29:14.265140
65,-150,1593,15637,1787,-337,-4201,-270,2272,-1004,-1993,2022-10-15 13:29:14.447716
66,-147,1375,16221,1537,-280,-3333,-214,2419,-1019,-2196,2022-10-15 13:29:14.627195
67,-148,155,15855,1764,-219,-2917,-198,2489,-1058,-2225,2022-10-15 13:29:14.807215
68,-147,794,15985,1340,-279,-2205,-205,2580,-1021,-2364,2022-10-15 13:29:14.987044
69,-149,872,16161,1076,-166,-808,3,2554,-1039,-2402,2022-10-15 13:29:15.168193
70,-150,1709,15783,1511,76,44,-2,2519,-1029,-2375,2022-10-15 13:29:15.347888
71,-152,1238,16015,1026,-13,296,-66,2547,-988,-2329,2022-10-15 13:29:15.526985
72,-147,1255,16090,1228,11,693,10,2524,-1038,-2314,2022-10-15 13:29:15.706977
73,-150,1157,15952,1180,-105,102,-22,2525,-1001,-2386,2022-10-15 13:29:15.887219
74,-149,5587,15230,1629,-138,-212,25,2498,-982,-2358,2022-10-15 13:29:16.070437
75,-148,3537,16306,1069,230,-947,-98,2464,-932,-2442,2022-10-15 13:29:16.247906
76,-147,1362,16192,732,-120,-3028,-192,2530,-1023,-2473,2022-10-15 13:29:16.426530
77,-148,1600,16155,677,-543,-5391,-261,2582,-1116,-2669,2022-10-15 13:29:16.604869
78,-148,1044,16369,1352,-534,-5855,-498,2528,-1249,-2881,2022-10-15 13:29:16.782917
79,-149,190,15725,1384,-198,-4350,-36,2386,-1238,-3050,2022-10-15 13:29:16.961610
80,-147,508,16014,1336,-232,-3531,-286,2240,-1241,-3118,2022-10-15 13:29:17.139185
81,-150,1167,15645,793,-290,-1744,-81,2069,-1247,-3106,2022-10-15 13:29:17.319673
82,-146,484,15848,774,-92,-592,-49,1995,-1223,-3164,2022-10-15 13:29:17.502332
83,-149,1523,16266,887,-30,-347,22,1970,-1263,-3185,2022-10-15 13:29:17.679887
84,-147,1356,16337,806,-259,120,40,1939,-1251,-3147,2022-10-15 13:29:17.859806
85,-148,922,16135,1827,48,516,20,1951,-1200,-3203,2022-10-15 13:29:18.038890
86,-147,982,15688,1251,-113,193,-6,1984,-1202,-3186,2022-10-15 13:29:18.217765
87,-148,227,16303,1375,-219,-269,17,1932,-1231,-3114,2022-10-15 13:29:18.395727
88,-148,1608,15794,1198,-170,141,-4,1941,-1186,-3185,2022-10-15 13:29:18.575162
89,-149,1219,16367,1201,-240,185,-37,1915,-1196,-3183,2022-10-15 13:29:18.753948
90,-146,775,15947,1556,-47,86,-10,1943,-1225,-3175,2022-10-15 13:29:18.933046
91,-147,1536,15821,1227,-38,103,-19,1945,-1200,-3217,2022-10-15 13:29:19.117186
92,-147,1488,15757,1071,68,105,-5,1879,-1203,-3205,2022-10-15 13:29:19.297110
93,-146,1458,16131,727,82,818,99,1942,-1208,-3206,2022-10-15 13:29:19.477208
94,-146,996,15586,1043,-197,-1049,-53,1949,-1213,-3213,2022-10-15 13:29:19.657183
95,-146,1325,16044,1521,303,1541,55,1948,-1197,-3103,2022-10-15 13:29:19.836372
96,-147,441,16672,259,-322,4212,185,2152,-1166,-3146,2022-10-15 13:29:20.017521
97,-148,88,16295,1794,231,4649,396,2384,-1174,-2980,2022-10-15 13:29:20.198375
98,-146,1446,15886,1070,81,4127,441,2430,-1091,-2867,2022-10-15 13:29:20.378366
99,-148,988,15502,1772,224,3628,249,2448,-1026,-2741,2022-10-15 13:29:20.557460
100,-147,1281,16438,852,218,3518,191,2534,-989,-2562,2022-10-15 13:29:20.740768
101,-148,1117,16342,681,61,2790,103,2512,-976,-2488,2022-10-15 13:29:20.919724
102,-148,1326,15991,1110,-91,2364,125,2534,-974,-2414,2022-10-15 13:29:21.099268
103,-147,2081,16289,1447,-24,1697,118,2463,-969,-2348,2022-10-15 13:29:21.276218
104,-148,2245,15962,1083,207,786,29,2464,-976,-2344,2022-10-15 13:29:21.458664
105,-145,1562,16177,1089,-180,43,57,2462,-959,-2282,2022-10-15 13:29:21.636680
106,-148,1584,15718,1464,98,116,-35,2484,-934,-2288,2022-10-15 13:29:21.814813
107,-147,1034,16135,1472,-134,82,-10,2444,-962,-2320,2022-10-15 13:29:21.992233
108,-147,1508,15885,1708,-42,153,-56,2410,-965,-2319,2022-10-15 13:29:22.171365
109,-147,1850,16167,1055,79,-223,-53,2450,-969,-2276,2022-10-15 13:29:22.349551
110,-145,-45,16049,1149,98,-466,8,2465,-1039,-2390,2022-10-15 13:29:22.527679
111,-147,1247,16236,969,-185,-1216,-149,2486,-976,-2373,2022-10-15 13:29:22.705044
112,-147,1142,15669,1226,-454,-3777,-183,2534,-1073,-2463,2022-10-15 13:29:22.883352
113,-145,1003,15927,1191,-349,-4229,-216,2559,-1086,-2617,2022-10-15 13:29:23.064073
114,-146,1201,16191,1304,-158,-3415,-83,2552,-1144,-2737,2022-10-15 13:29:23.242968
115,-144,1247,16079,1399,-171,-3430,-131,2519,-1173,-2824,2022-10-15 13:29:23.420524
116,-145,1545,16166,1400,-149,-3273,-87,2376,-1232,-3003,2022-10-15 13:29:23.601531
117,-143,1439,15972,1139,-281,-3269,-153,2252,-1246,-3072,2022-10-15 13:29:23.785038
118,-147,1127,15818,1370,-218,-3139,-146,2089,-1235,-3111,2022-10-15 13:29:23.964762
119,-147,1317,15823,1137,-193,-3510,-237,1914,-1244,-3145,2022-10-15 13:29:24.146156
120,-146,1505,15925,782,-293,-3441,-121,1720,-1274,-3163,2022-10-15 13:29:24.325392
121,-144,1550,16160,428,-289,-3244,-62,1578,-1317,-3132,2022-10-15 13:29:24.506452
122,-145,1425,16092,1003,-443,-3472,-228,1421,-1319,-3109,2022-10-15 13:29:24.686297
123,-145,1542,15940,1505,-364,-3322,-115,1229,-1361,-3002,2022-10-15 13:29:24.865205
124,-145,2039,15897,755,-230,-3453,-283,1015,-1350,-2870,2022-10-15 13:29:25.045975
125,-145,1183,16178,1443,-248,-3331,-155,900,-1378,-2748,2022-10-15 13:29:25.226435
126,-143,1584,16295,984,-8,-3281,-89,835,-1380,-2538,2022-10-15 13:29:25.409698
127,-143,1546,16077,836,-327,-3131,-111,783,-1385,-2352,2022-10-15 13:29:25.591890
128,-145,335,16121,1232,-145,-2955,-185,805,-1420,-2166,2022-10-15 13:29:25.769661
129,-144,1547,16337,654,-258,-3050,-23,848,-1410,-1930,2022-10-15 13:29:25.948427
130,-146,962,16397,1199,-527,-3833,-121,1002,-1413,-1778,2022-10-15 13:29:26.127150
131,-146,1371,16945,961,-328,-3461,-73,1180,-1399,-1659,2022-10-15 13:29:26.308473
132,-145,690,16143,1363,-349,-3450,-186,1423,-1409,-1546,2022-10-15 13:29:26.486565
133,-145,1390,15850,1476,-140,-3751,-324,1743,-1478,-1502,2022-10-15 13:29:26.665350
134,-144,1682,16494,1090,-353,-3653,-119,1994,-1527,-1532,2022-10-15 13:29:26.844018
135,-147,1373,16197,1507,-499,-3490,-167,2292,-1590,-1555,2022-10-15 13:29:27.022332
136,-144,1730,16051,1551,-302,-3438,-197,2420,-1586,-1685,2022-10-15 13:29:27.200285
137,-145,1007,16174,1123,-132,-2855,-67,2581,-1642,-1710,2022-10-15 13:29:27.379952
138,-145,995,15724,1698,-227,-3241,-99,2656,-1619,-1816,2022-10-15 13:29:27.559270
139,-143,1651,16059,1334,-364,-2769,-129,2759,-1647,-1864,2022-10-15 13:29:27.737821
140,-145,1276,16073,1425,-303,-2667,-84,2835,-1642,-1970,2022-10-15 13:29:27.916100
141,-144,1059,15427,2111,-167,-2860,-82,2825,-1554,-2015,2022-10-15 13:29:28.095643
142,-145,1679,15666,470,13,-2880,-147,2784,-1493,-2041,2022-10-15 13:29:28.275386
143,-146,1219,16079,1212,-16,-2111,-193,2203,-780,-2152,2022-10-15 13:29:28.460500
144,-144,1605,15970,1073,-87,-1827,-186,2247,-797,-2246,2022-10-15 13:29:28.641184
145,-145,814,15685,859,-165,-584,13,2306,-875,-2265,2022-10-15 13:29:28.821611
146,-143,861,15992,1008,-169,-26,-86,2297,-856,-2338,2022-10-15 13:29:29.001964
147,-143,831,15778,893,-31,168,-69,2310,-893,-2355,2022-10-15 13:29:29.183691
148,-142,1048,16294,852,81,701,0,2462,-1001,-2348,2022-10-15 13:29:29.364501
149,-144,1395,15972,1658,-53,35,-10,2364,-853,-2310,2022-10-15 13:29:29.549267
150,-143,1088,16006,1221,43,94,-36,2373,-867,-2345,2022-10-15 13:29:29.730043
151,-144,1203,16098,894,-20,107,-41,2378,-901,-2347,2022-10-15 13:29:29.911975
152,-142,1224,16051,1019,-115,123,-39,2388,-892,-2334,2022-10-15 13:29:30.095747
153,-143,1342,15969,1333,-85,113,-36,2341,-847,-2295,2022-10-15 13:29:30.274149
154,-143,1192,15906,1294,-36,102,-33,2348,-858,-2254,2022-10-15 13:29:30.454245
155,-144,-26,15912,1215,-16,174,-41,2380,-877,-2308,2022-10-15 13:29:30.633586
156,-142,634,16296,1743,134,128,-83,2249,-839,-2278,2022-10-15 13:29:30.812414
157,-143,20,16339,-1238,68,-80,-76,2344,-802,-2318,2022-10-15 13:29:30.991291
158,-142,1432,17073,189,1642,-30,3,2295,-800,-2165,2022-10-15 13:29:31.171216
159,-145,2073,15547,394,1297,106,-239,2320,-767,-1980,2022-10-15 13:29:31.349976
160,-142,1200,16861,-4435,1803,139,-179,2327,-803,-1830,2022-10-15 13:29:31.530070
161,-141,716,16905,-4186,3421,354,59,2341,-571,-1485,2022-10-15 13:29:31.708482
162,-140,1893,14754,-7728,4249,-112,-97,2416,-280,-1059,2022-10-15 13:29:31.888955
163,-142,798,11347,-9121,3040,43,-119,2526,231,-680,2022-10-15 13:29:32.068246
164,-144,155,10028,-12346,2189,-14,-6,2618,532,-442,2022-10-15 13:29:32.247089
165,-147,915,9543,-14061,2177,-33,-220,2762,877,-268,2022-10-15 13:29:32.426423
166,-143,251,6247,-14408,1863,61,-45,2853,1214,-118,2022-10-15 13:29:32.604913
167,-144,639,5370,-13652,-54,207,-129,2931,1336,-53,2022-10-15 13:29:32.783605
168,-142,566,6116,-14803,-210,82,-56,2939,1286,-26,2022-10-15 13:29:32.962205
169,-144,758,6132,-15139,-257,101,-49,2921,1249,-78,2022-10-15 13:29:33.145231
170,-142,75,5640,-14247,-811,119,-81,2932,1228,-70,2022-10-15 13:29:33.324793
171,-142,732,7039,-14174,-320,226,-121,2890,1036,-120,2022-10-15 13:29:33.511904
172,-144,261,7874,-14389,-417,163,57,2846,1001,-130,2022-10-15 13:29:33.691871
173,-144,122,6672,-12210,-1572,56,231,2844,834,-181,2022-10-15 13:29:33.870306
174,-145,777,11666,-10979,-3871,103,153,2817,258,-519,2022-10-15 13:29:34.051271
175,-141,384,11846,-9115,-4473,367,130,2737,-372,-872,2022-10-15 13:29:34.230482
176,-143,-33,16818,-5246,-4871,439,104,2584,-711,-1413,2022-10-15 13:29:34.410997
177,-143,1492,14736,-1269,-4586,190,173,2627,-1137,-2083,2022-10-15 13:29:34.591034
178,-141,1358,16405,3716,-4898,473,195,2796,-1419,-2532,2022-10-15 13:29:34.770766
179,-144,1050,14048,7284,-4774,240,153,3132,-1477,-3043,2022-10-15 13:29:34.954092
180,-143,2101,11814,12701,-5385,213,360,3572,-1555,-3390,2022-10-15 13:29:35.132609
181,-144,1408,9014,14786,-5267,261,224,3823,-1178,-3742,2022-10-15 13:29:35.310660
182,-140,1175,3656,16893,-3919,-161,510,3163,366,-3944,2022-10-15 13:29:35.489277
183,-140,1069,162,18796,-5663,116,344,3571,1043,-3926,2022-10-15 13:29:35.668934
184,-139,875,-4874,16077,-6184,257,456,3611,2268,-3700,2022-10-15 13:29:35.848091
185,-142,1035,-9641,11610,-5115,348,400,4345,2561,-3309,2022-10-15 13:29:36.026795
186,-140,-65,-11704,11222,-4489,364,364,4652,2936,-2918,2022-10-15 13:29:36.205075
187,-140,897,-14288,8867,-3867,159,490,4855,3261,-2501,2022-10-15 13:29:36.383950
188,-141,562,-15628,4677,-3697,217,496,5304,3174,-2149,2022-10-15 13:29:36.564012
189,-141,331,-15698,3123,-3943,-585,683,5738,2942,-1765,2022-10-15 13:29:36.743212
190,-139,670,-17368,1514,-4048,-270,414,6449,2493,-1442,2022-10-15 13:29:36.921370
191,-140,-324,-15143,-3306,-3637,-66,463,7206,1762,-972,2022-10-15 13:29:37.100521
192,-142,-279,-13665,-7286,-2260,6,264,5298,3857,-757,2022-10-15 13:29:37.279652
193,-143,521,-13591,-9263,-1539,178,-1,3701,5517,-659,2022-10-15 13:29:37.462333
194,-147,-29,-14880,-7918,122,47,-178,3860,5412,-666,2022-10-15 13:29:37.640811
195,-146,-305,-14096,-7913,190,267,-43,3809,5391,-688,2022-10-15 13:29:37.819817
196,-145,-568,-14103,-7978,167,340,24,3823,5438,-727,2022-10-15 13:29:38.005015
197,-140,28,-14661,-7943,-14,163,-87,3777,5423,-665,2022-10-15 13:29:38.185191
198,-143,27,-14821,-7437,104,113,-134,3810,5483,-645,2022-10-15 13:29:38.364955
199,-143,-205,-14500,-7669,121,161,-108,3781,5458,-710,2022-10-15 13:29:38.545566
200,-142,-258,-14528,-7582,36,192,-94,3749,5452,-693,2022-10-15 13:29:38.726278
201,-144,-523,-14959,-6055,965,576,39,3715,5607,-722,2022-10-15 13:29:38.907837
202,-143,49,-14923,-6687,-109,538,-86,3698,5551,-839,2022-10-15 13:29:39.087138
203,-144,-25,-15927,-5887,119,-22,-276,3713,5581,-852,2022-10-15 13:29:39.267381
204,-142,-285,-13193,-7650,403,42,-136,3657,5569,-835,2022-10-15 13:29:39.447508
205,-144,-188,-15370,-4411,2469,-219,-408,3581,5715,-1060,2022-10-15 13:29:39.631356
206,-143,-292,-15977,-2142,2860,238,-247,3618,5670,-1381,2022-10-15 13:29:39.810439
207,-144,-84,-16237,238,3328,113,-280,3616,5514,-1787,2022-10-15 13:29:40.005093
208,-144,480,-16390,5044,3915,-21,-259,3593,5225,-2236,2022-10-15 13:29:40.183792
209,-144,994,-14837,8968,4134,-129,-250,3512,4819,-2591,2022-10-15 13:29:40.363333
210,-142,576,-12624,12154,4410,94,-376,3421,4230,-3079,2022-10-15 13:29:40.541847
211,-144,912,-9561,14573,4344,-137,-85,3406,3517,-3439,2022-10-15 13:29:40.719887
212,-143,24,-5769,16209,3833,-108,-103,3297,2724,-3783,2022-10-15 13:29:40.899777
213,-140,1366,-3040,17699,3969,-62,-258,3221,1935,-3941,2022-10-15 13:29:41.079129
214,-144,831,1023,17283,4449,11,-349,3177,1069,-4051,2022-10-15 13:29:41.259491
215,-143,1835,4476,16869,4291,-64,-266,3160,348,-3898,2022-10-15 13:29:41.437686
216,-141,1381,8254,15159,3844,93,-398,3119,-362,-3790,2022-10-15 13:29:41.620848
217,-142,1264,10369,13076,3486,-40,-310,3153,-877,-3562,2022-10-15 13:29:41.801020
218,-143,1013,13350,9918,3239,-76,-125,3137,-1301,-3316,2022-10-15 13:29:41.980540
219,-144,1567,14567,8204,3123,-250,-247,3125,-1535,-2977,2022-10-15 13:29:42.159035
220,-141,884,16059,4828,2772,-244,-256,3135,-1665,-2678,2022-10-15 13:29:42.339497
221,-144,1540,15912,3058,2704,40,-163,3167,-1718,-2419,2022-10-15 13:29:42.519166
222,-144,1496,15610,-41,1920,-103,-151,3165,-1725,-2098,2022-10-15 13:29:42.703741
223,-145,1036,14337,-296,-69,233,-204,3226,-1733,-1984,2022-10-15 13:29:42.885932
224,-145,1711,16959,-1157,-445,204,-288,3183,-1690,-2129,2022-10-15 13:29:43.065361
225,-142,603,15964,-35,-81,29,-72,3184,-1706,-2101,2022-10-15 13:29:43.246488
226,-143,1737,16305,-363,-177,173,-152,3150,-1714,-2103,2022-10-15 13:29:43.427287
227,-141,671,16376,-540,-185,29,-127,3161,-1709,-2099,2022-10-15 13:29:43.610130
228,-141,1136,16023,-29,-179,106,-124,3160,-1687,-2094,2022-10-15 13:29:43.790796
229,-138,1417,15830,270,-220,100,-152,3121,-1670,-2117,2022-10-15 13:29:43.972268
230,-144,1595,16228,-152,-1,-133,-58,3167,-1715,-2188,2022-10-15 13:29:44.152302
231,-141,2386,15846,179,34,-1337,-196,3141,-1746,-2104,2022-10-15 13:29:44.335938
232,-143,1976,16177,275,-496,-3555,-75,3241,-1796,-2238,2022-10-15 13:29:44.515296
233,-142,1535,16049,-54,-288,-4127,-19,3287,-1805,-2381,2022-10-15 13:29:44.694310
234,-142,1338,16028,454,-294,-3392,-130,3214,-1776,-2526,2022-10-15 13:29:44.873506
235,-142,147,15465,132,-133,-2889,7,3080,-1791,-2726,2022-10-15 13:29:45.052791
236,-142,1311,16156,-447,-384,-2666,-87,2969,-1839,-2776,2022-10-15 13:29:45.231303
237,-143,1234,15367,108,-62,-2519,-78,2885,-1814,-2826,2022-10-15 13:29:45.410598
238,-143,507,16779,-939,-257,-1909,-220,2710,-1737,-2901,2022-10-15 13:29:45.593745
239,-141,-41,16155,-287,-288,-1479,-12,2611,-1732,-2933,2022-10-15 13:29:45.772853
240,-141,597,15812,-108,-171,-933,-77,2533,-1748,-2980,2022-10-15 13:29:45.952107
241,-140,1389,16408,-279,-149,647,-156,2538,-1728,-2933,2022-10-15 13:29:46.131315
242,-142,1194,15848,127,64,29,-122,2563,-1739,-2988,2022-10-15 13:29:46.311036
243,-143,746,15998,-39,-148,324,-138,2509,-1713,-3035,2022-10-15 13:29:46.491115
244,-143,1247,15970,-138,-66,124,-145,2526,-1753,-2989,2022-10-15 13:29:46.669271
245,-142,-124,16486,-523,-68,899,-181,2533,-1730,-3032,2022-10-15 13:29:46.848190
246,-141,-512,15985,184,-1,2618,-29,2647,-1753,-2996,2022-10-15 13:29:47.029468
247,-143,1016,16060,563,-15,4048,-108,2877,-1754,-2893,2022-10-15 13:29:47.208649
248,-142,1238,16226,813,-7,3753,-151,2951,-1713,-2818,2022-10-15 13:29:47.392941
249,-143,438,15759,464,4,3614,-97,3074,-1727,-2687,2022-10-15 13:29:47.573616
250,-143,838,16302,472,72,3745,-60,3177,-1698,-2556,2022-10-15 13:29:47.756128
251,-141,1613,16580,712,124,4113,-114,3222,-1681,-2379,2022-10-15 13:29:47.936200
252,-143,994,15843,1021,153,4134,-136,3181,-1698,-2267,2022-10-15 13:29:48.117112
253,-144,-362,16711,761,140,4934,-175,3082,-1656,-2118,2022-10-15 13:29:48.296933
254,-140,2911,15969,324,-118,3777,-89,2995,-1628,-2008,2022-10-15 13:29:48.477863
255,-143,55,15530,1001,266,3535,-52,2953,-1610,-1904,2022-10-15 13:29:48.659564
256,-141,879,16284,493,217,4271,-55,2819,-1576,-1815,2022-10-15 13:29:48.840739
257,-141,671,15802,256,138,3759,72,2781,-1579,-1806,2022-10-15 13:29:49.023559
258,-144,1090,16286,1150,186,4155,-153,2648,-1524,-1703,2022-10-15 13:29:49.202052
259,-142,1587,15874,780,-36,3575,-155,2492,-1518,-1597,2022-10-15 13:29:49.380835
260,-141,1547,15703,924,137,3370,7,2287,-1459,-1432,2022-10-15 13:29:49.563888
261,-144,1639,15252,1289,168,3691,-68,1231,-596,-1393,2022-10-15 13:29:49.741610
262,-141,549,16133,981,51,4085,-360,771,-383,-1397,2022-10-15 13:29:49.919792
263,-142,274,15971,706,181,4342,-182,467,-452,-1495,2022-10-15 13:29:50.099539
264,-142,1296,15269,1035,239,4511,-244,-33,-263,-1601,2022-10-15 13:29:50.278406
265,-142,697,15765,1190,92,4709,-353,-353,-175,-1857,2022-10-15 13:29:50.456383
266,-139,1453,16144,493,75,4332,-206,-701,180,-2138,2022-10-15 13:29:50.635425
267,-142,610,15607,880,-39,3409,-277,-1046,539,-2386,2022-10-15 13:29:50.813386
268,-140,564,15398,1309,246,2897,-345,-245,-233,-2554,2022-10-15 13:29:50.991835
269,-141,852,16035,900,11,3243,-13,793,-1177,-2722,2022-10-15 13:29:51.171100
270,-140,838,15975,1120,174,3608,-100,948,-1209,-2875,2022-10-15 13:29:51.349279
271,-142,301,15949,1103,127,3884,-144,1168,-1262,-2913,2022-10-15 13:29:51.528908
272,-139,1863,15688,1228,263,4428,-244,1361,-1295,-3060,2022-10-15 13:29:51.707488
273,-141,919,15432,960,175,4119,1,1577,-1263,-3160,2022-10-15 13:29:51.885251
274,-141,1790,15857,573,190,3709,-186,1815,-1233,-3125,2022-10-15 13:29:52.069537
275,-140,455,15751,761,38,3464,-191,1961,-1236,-3074,2022-10-15 13:29:52.250660
276,-140,966,16147,313,147,3720,-100,2189,-1236,-3077,2022-10-15 13:29:52.431391
277,-137,372,15967,1089,76,3664,-213,2325,-1206,-2988,2022-10-15 13:29:52.612651
278,-141,508,15742,848,43,3736,-139,2473,-1158,-2809,2022-10-15 13:29:52.792196
279,-136,-107,16412,643,291,4452,-10,2559,-1087,-2733,2022-10-15 13:29:52.972388
280,-140,1377,16305,637,267,4510,-206,2260,-729,-2551,2022-10-15 13:29:53.152775
281,-137,1389,16294,263,106,3465,-187,2325,-773,-2435,2022-10-15 13:29:53.332660
282,-138,1018,16158,519,72,3338,-205,2328,-734,-2346,2022-10-15 13:29:53.519891
283,-140,-254,16123,1002,107,3894,-80,2337,-861,-2234,2022-10-15 13:29:53.703992
284,-138,2165,15545,1243,192,3936,-187,2302,-912,-2150,2022-10-15 13:29:53.883265
285,-140,712,15711,844,40,3684,-192,2254,-936,-2042,2022-10-15 13:29:54.069428
286,-140,638,15782,733,-57,4435,-203,2226,-927,-1963,2022-10-15 13:29:54.247221
287,-138,1325,15716,1424,204,4608,162,2109,-972,-1833,2022-10-15 13:29:54.427410
288,-139,559,15822,444,319,3787,-173,2042,-960,-1664,2022-10-15 13:29:54.606246
289,-138,1040,16064,274,69,3400,-116,1951,-963,-1566,2022-10-15 13:29:54.784961
290,-140,1334,15632,1415,125,3775,-40,1738,-881,-1529,2022-10-15 13:29:54.962856
291,-138,214,15879,805,135,3976,-164,1135,-514,-1423,2022-10-15 13:29:55.141285
292,-138,580,15382,757,230,4028,-126,790,-434,-1388,2022-10-15 13:29:55.320405
293,-138,500,15644,1224,201,4604,-248,400,-420,-1479,2022-10-15 13:29:55.499758
294,-138,690,15590,1030,28,4271,-148,-373,62,-1661,2022-10-15 13:29:55.677454
295,-137,958,15341,1480,213,4203,-449,-646,204,-1959,2022-10-15 13:29:55.855810
296,-140,-49,15961,1382,209,3745,-265,-1041,502,-2218,2022-10-15 13:29:56.035248
297,-137,2615,16014,-565,214,3639,-453,-737,183,-2450,2022-10-15 13:29:56.214193
298,-139,1542,15321,794,-35,1288,-277,-952,500,-2527,2022-10-15 13:29:56.392635
299,-139,814,15947,47,-4,618,-368,-754,318,-2551,2022-10-15 13:29:56.572002
300,-142,1445,15886,422,-62,82,-328,-672,214,-2540,2022-10-15 13:29:56.755809
301,-138,878,15930,170,49,-134,-338,-776,329,-2561,2022-10-15 13:29:56.935995
302,-138,1053,15816,30,5,-85,-304,-705,195,-2536,2022-10-15 13:29:57.115334
303,-140,902,15905,221,-28,-39,-353,-614,128,-2564,2022-10-15 13:29:57.295280
304,-138,814,15898,151,-101,-811,-356,-501,7,-2514,2022-10-15 13:29:57.481152
305,-141,1085,15728,583,35,-672,-346,-412,-130,-2464,2022-10-15 13:29:57.660992
306,-138,1319,15707,468,-28,-482,-287,-334,-220,-2396,2022-10-15 13:29:57.841320
307,-139,834,15612,198,143,93,-305,-226,-251,-2365,2022-10-15 13:29:58.020582
308,-138,988,16154,-71,-113,92,-283,-290,-287,-2384,2022-10-15 13:29:58.200892
309,-137,715,15330,128,266,77,-305,-253,-279,-2325,2022-10-15 13:29:58.384995
310,-137,607,16238,-445,54,100,-283,-276,-284,-2350,2022-10-15 13:29:58.565153
311,-136,648,14994,-1208,2229,-40,-588,-336,-198,-2268,2022-10-15 13:29:58.743725
312,-135,-218,15370,-1816,548,-171,-277,-464,-76,-2107,2022-10-15 13:29:58.923005
313,-137,295,17309,-2769,1186,-725,-295,-632,132,-1995,2022-10-15 13:29:59.101717
314,-136,95,15731,-5095,3027,395,-526,-544,187,-1797,2022-10-15 13:29:59.281312
315,-137,656,13752,-6804,3061,136,-536,-656,572,-1427,2022-10-15 13:29:59.460611
316,-137,8,13780,-9129,2799,19,-337,-751,1028,-1095,2022-10-15 13:29:59.639710
317,-138,101,11440,-11542,3198,425,-851,-867,1547,-797,2022-10-15 13:29:59.819275
318,-136,-1,8621,-12887,2524,121,-439,-909,2036,-540,2022-10-15 13:29:59.998356
319,-136,-934,5520,-13283,-34,321,-663,-981,2230,-485,2022-10-15 13:30:00.176628
320,-138,308,7493,-13448,150,113,-268,-985,2150,-439,2022-10-15 13:30:00.356214
321,-134,322,7688,-13221,-500,-5,-35,-733,1891,-506,2022-10-15 13:30:00.535939
322,-136,238,8527,-13585,-274,-81,-33,-716,1804,-511,2022-10-15 13:30:00.715462
323,-138,-149,7556,-12939,-507,280,-657,-691,1724,-628,2022-10-15 13:30:00.893680
324,-136,-306,9522,-11067,-3554,419,-523,-661,1343,-738,2022-10-15 13:30:01.072679
325,-135,1473,14020,-8357,-4653,355,-210,-837,995,-1234,2022-10-15 13:30:01.252171
326,-139,543,14697,-5143,-3808,173,-199,-662,403,-1780,2022-10-15 13:30:01.431460
327,-137,831,17167,-1364,-4197,361,-84,-502,-16,-2226,2022-10-15 13:30:01.620378
328,-136,1351,15853,3959,-4477,280,-122,-402,-128,-2690,2022-10-15 13:30:01.805572
329,-137,1787,13376,6798,-4464,373,-389,-383,150,-3062,2022-10-15 13:30:01.985699
330,-135,83,12599,10610,-4759,315,-162,-499,709,-3479,2022-10-15 13:30:02.165634
331,-137,941,10639,13271,-3909,243,-202,-719,1704,-3777,2022-10-15 13:30:02.345878
332,-136,986,6493,15760,-3807,171,-395,-510,2207,-3879,2022-10-15 13:30:02.529885
333,-136,1242,3567,16613,-3354,-148,-892,-3,2341,-3879,2022-10-15 13:30:02.710470
334,-137,-74,428,17224,-3133,157,-917,306,2686,-3880,2022-10-15 13:30:02.890861
335,-136,288,-3112,17201,-2847,221,-1260,248,3338,-3665,2022-10-15 13:30:03.070425
336,-136,-237,-4488,16743,-3070,233,-394,-124,4336,-3636,2022-10-15 13:30:03.252827
337,-139,-31,-8283,15946,-4060,196,-209,-300,5264,-3393,2022-10-15 13:30:03.431676
338,-137,788,-11135,13319,-4150,43,-197,-1990,7846,-3057,2022-10-15 13:30:03.613731
339,-135,-2745,-13367,10670,-3837,212,-240,-769,7115,-2624,2022-10-15 13:30:03.792692
340,-138,-7,-13264,7851,-2784,518,-515,481,6213,-2212,2022-10-15 13:30:03.971328
341,-138,-727,-16983,6366,-2356,994,-386,599,6334,-1975,2022-10-15 13:30:04.149879
342,-139,253,-16658,3733,-2818,611,-285,549,6486,-1612,2022-10-15 13:30:04.329302
343,-134,18,-16263,-102,-2787,200,-117,557,6525,-1317,2022-10-15 13:30:04.508481
344,-135,701,-16588,-1239,-2309,134,-98,596,6376,-1052,2022-10-15 13:30:04.687163
345,-137,-580,-15603,-4303,-1984,167,-220,608,6265,-860,2022-10-15 13:30:04.866177
346,-137,79,-15768,-4917,-1758,-2,-195,622,6166,-600,2022-10-15 13:30:05.045139
347,-135,93,-14757,-6922,-833,139,-212,587,6168,-513,2022-10-15 13:30:05.224788
348,-136,-503,-15105,-7560,-601,101,-97,583,6216,-475,2022-10-15 13:30:05.403427
349,-135,-118,-14595,-8115,107,304,-138,592,6167,-476,2022-10-15 13:30:05.593729
350,-137,68,-14593,-7758,298,139,-170,581,6165,-503,2022-10-15 13:30:05.773359
351,-138,-100,-14761,-7525,192,-351,-377,708,6054,-449,2022-10-15 13:30:05.952263
352,-136,-1163,-15717,-6557,2179,-647,-677,687,6090,-478,2022-10-15 13:30:06.131533
353,-136,-15,-16791,-5436,415,158,-153,674,6105,-578,2022-10-15 13:30:06.315458
354,-136,423,-13114,-8041,991,252,-126,630,6127,-621,2022-10-15 13:30:06.497697
355,-139,-421,-15357,-2568,3761,99,-267,620,6292,-848,2022-10-15 13:30:06.677585
356,-136,-168,-15962,-176,3784,79,-254,671,6369,-1300,2022-10-15 13:30:06.858727
357,-135,324,-16121,4298,4092,335,-371,574,6286,-1775,2022-10-15 13:30:07.037679
358,-139,762,-14180,6582,4508,68,-365,615,5905,-2317,2022-10-15 13:30:07.219419
359,-140,864,-11812,11194,4293,86,-289,529,5388,-2829,2022-10-15 13:30:07.399868
360,-136,1274,-10111,14978,3946,106,-524,589,4738,-3150,2022-10-15 13:30:07.580572
361,-138,681,-7131,15931,3674,58,-369,578,4007,-3465,2022-10-15 13:30:07.760282
362,-138,371,-3642,16567,3634,49,-386,464,3258,-3735,2022-10-15 13:30:07.944189
363,-137,1017,-862,16792,3424,121,-283,398,2578,-3755,2022-10-15 13:30:08.123299
364,-135,1318,2927,16811,3231,19,-272,261,2034,-3750,2022-10-15 13:30:08.302069
365,-137,890,5217,15427,3245,101,-248,287,1361,-3699,2022-10-15 13:30:08.481099
366,-139,713,8738,14971,3609,116,-401,313,712,-3668,2022-10-15 13:30:08.660177
367,-137,1707,11650,12161,3668,21,-203,299,164,-3454,2022-10-15 13:30:08.840078
368,-137,651,13475,9614,4505,575,-96,386,-453,-3160,2022-10-15 13:30:09.019807
369,-140,410,15591,6484,3643,644,-8,342,-824,-2829,2022-10-15 13:30:09.197728
370,-137,1397,15279,3114,2853,146,-306,335,-899,-2464,2022-10-15 13:30:09.376920
371,-135,444,15591,730,2008,127,-304,300,-867,-2242,2022-10-15 13:30:09.560230
372,-137,785,16497,-1378,1775,93,-254,301,-846,-1993,2022-10-15 13:30:09.739799
373,-134,1539,12697,-871,119,30,147,319,-723,-1840,2022-10-15 13:30:09.919808
374,-139,2753,16851,-3318,-268,-104,-173,343,-860,-1950,2022-10-15 13:30:10.098669
375,-136,105,14865,-987,-359,286,-7,327,-853,-1896,2022-10-15 13:30:10.277623
376,-137,569,16497,-1551,-239,35,-108,389,-921,-1963,2022-10-15 13:30:10.457158
377,-133,1245,14316,530,-241,24,25,276,-809,-2001,2022-10-15 13:30:10.644171
378,-136,939,16290,-1703,-8,430,-145,248,-822,-2014,2022-10-15 13:30:10.822177
379,-137,466,16327,-1134,351,1612,-221,329,-863,-2092,2022-10-15 13:30:11.007341
380,-136,737,15798,-833,-281,2447,-535,381,-938,-2232,2022-10-15 13:30:11.189430
381,-136,348,15976,-1232,-92,3486,-338,414,-850,-2447,2022-10-15 13:30:11.369880
382,-137,1022,15987,-308,203,3448,-451,496,-860,-2562,2022-10-15 13:30:11.552619
383,-136,981,16321,-464,70,3376,-269,842,-1084,-2700,2022-10-15 13:30:11.732470
384,-136,928,16390,-561,66,3120,-313,1068,-1153,-2832,2022-10-15 13:30:11.913043
385,-138,638,16101,-80,90,3983,-234,1198,-1020,-2898,2022-10-15 13:30:12.094998
386,-137,528,15817,-407,97,3737,-296,1308,-958,-2886,2022-10-15 13:30:12.275403
387,-135,1382,15452,-371,158,3270,-371,1469,-916,-2970,2022-10-15 13:30:12.455990
388,-136,501,15706,-270,290,3556,-313,1620,-857,-2864,2022-10-15 13:30:12.640339
389,-136,383,15419,554,-52,3405,-261,1801,-915,-2792,2022-10-15 13:30:12.819838
390,-138,964,16609,-693,-207,4024,-335,1989,-829,-2754,2022-10-15 13:30:12.999067
391,-137,391,15778,-410,529,4339,-432,2185,-884,-2617,2022-10-15 13:30:13.177897
392,-136,1169,16073,-623,123,3797,-436,2265,-847,-2419,2022-10-15 13:30:13.356860
393,-137,1471,16908,-617,259,3542,-387,2244,-758,-2320,2022-10-15 13:30:13.542993
394,-136,906,15527,-394,232,2893,-296,2295,-723,-2219,2022-10-15 13:30:13.722415
395,-136,1737,16446,-1209,-5,2188,-246,2261,-725,-2062,2022-10-15 13:30:13.900666
396,-136,705,15891,-848,118,1535,-295,2233,-738,-2039,2022-10-15 13:30:14.080812
397,-135,1512,16007,-628,-75,-236,-177,2277,-712,-2040,2022-10-15 13:30:14.260251
398,-135,711,16299,-1050,-13,236,-258,2215,-717,-2057,2022-10-15 13:30:14.440720
399,-136,1193,15801,-890,-321,244,-146,2273,-767,-2025,2022-10-15 13:30:14.619508
400,-138,-49,15850,482,-52,259,-376,2341,-813,-1995,2022-10-15 13:30:14.798404
401,-137,856,15805,-572,19,-420,-199,2273,-755,-2065,2022-10-15 13:30:14.977793
402,-134,916,15696,-338,-52,200,-237,2235,-681,-1974,2022-10-15 13:30:15.157285
403,-136,1296,15743,-918,23,286,-235,2277,-748,-2059,2022-10-15 13:30:15.335900
404,-137,813,15936,-976,253,61,-43,2247,-728,-2052,2022-10-15 13:30:15.516079
405,-137,391,15893,-656,438,-149,-280,2223,-625,-1913,2022-10-15 13:30:15.701220
406,-135,980,15499,-1598,449,110,-298,2233,-579,-1929,2022-10-15 13:30:15.881861
407,-135,1034,14911,-3404,2348,179,-212,2204,-528,-1748,2022-10-15 13:30:16.063534
408,-137,558,15218,-7249,5260,-63,-551,2002,171,-1244,2022-10-15 13:30:16.244355
409,-134,232,12021,-10006,3953,-11,-343,1987,885,-868,2022-10-15 13:30:16.425371
410,-136,271,9390,-12698,4932,83,-444,2017,1656,-527,2022-10-15 13:30:16.606021
411,-138,-376,5668,-14935,4169,106,-281,2023,2529,-144,2022-10-15 13:30:16.786363
412,-135,562,2259,-15649,2714,215,-623,2092,3249,-36,2022-10-15 13:30:16.967183
413,-135,656,168,-17031,2259,129,-429,2191,3722,96,2022-10-15 13:30:17.148808
414,-137,276,-3010,-15945,2557,141,-197,2162,4200,93,2022-10-15 13:30:17.332673
415,-134,-291,-5075,-15739,2633,261,-442,2254,4675,101,2022-10-15 13:30:17.516603
416,-135,407,-8237,-14964,2844,64,-372,2338,5154,-19,2022-10-15 13:30:17.695409
417,-136,-661,-9572,-13133,2874,89,-331,2400,5558,-252,2022-10-15 13:30:17.874968
418,-133,387,-12789,-11455,2839,106,-229,2444,5945,-379,2022-10-15 13:30:18.054978
419,-135,487,-14808,-8825,2799,29,-335,2374,6346,-692,2022-10-15 13:30:18.235389
420,-131,396,-15783,-6667,2593,57,-406,2040,6913,-914,2022-10-15 13:30:18.414335
421,-133,421,-16145,-5000,966,84,-304,1766,7303,-1153,2022-10-15 13:30:18.593114
422,-133,194,-16099,-4609,-190,139,-256,1857,7242,-1163,2022-10-15 13:30:18.772339
423,-134,1398,-16109,-4773,-405,136,-208,2135,6912,-1102,2022-10-15 13:30:18.951906
424,-135,-722,-15341,-5667,-1309,259,-362,1569,7528,-1130,2022-10-15 13:30:19.130533
425,-135,286,-14198,-5632,-1456,37,-132,2589,6429,-1034,2022-10-15 13:30:19.310433
426,-136,512,-15268,-8495,-1250,307,171,2565,6318,-854,2022-10-15 13:30:19.490013
427,-135,-406,-14296,-7850,-2282,3,183,2553,6184,-698,2022-10-15 13:30:19.668903
428,-135,543,-11841,-10821,-4179,299,261,2351,6048,-423,2022-10-15 13:30:19.846929
429,-131,-426,-9608,-14316,-4655,264,15,2238,5444,-108,2022-10-15 13:30:20.025957
430,-132,-130,-6655,-15655,-3734,57,-109,2184,4849,23,2022-10-15 13:30:20.205182
431,-134,223,-2723,-15944,-3806,222,-58,2033,4290,32,2022-10-15 13:30:20.390265
432,-134,112,870,-15698,-3570,307,-42,1933,3655,36,2022-10-15 13:30:20.571183
433,-133,395,4297,-16029,-3728,174,-164,1850,3030,-92,2022-10-15 13:30:20.751222
434,-134,483,7434,-13860,-3537,125,-36,1827,2296,-320,2022-10-15 13:30:20.932903
435,-134,754,9541,-12515,-3428,468,-254,1831,1555,-618,2022-10-15 13:30:21.113254
436,-132,593,12657,-10541,-3561,111,-97,1961,841,-893,2022-10-15 13:30:21.293178
437,-134,978,13923,-7268,-4204,203,22,2471,-272,-1267,2022-10-15 13:30:21.476960
438,-136,1024,15846,-4636,-3901,200,-45,2431,-655,-1740,2022-10-15 13:30:21.657432
439,-133,1118,15974,-1207,-2695,84,-204,2077,-532,-2095,2022-10-15 13:30:21.839777
440,-135,1366,15378,1072,-150,92,-261,1887,-397,-2246,2022-10-15 13:30:22.023993
441,-133,1089,15926,967,-255,-87,-305,1873,-374,-2238,2022-10-15 13:30:22.203820
442,-133,1069,16139,2050,-1812,133,56,1797,-338,-2297,2022-10-15 13:30:22.383819
443,-134,496,15342,3021,-590,359,-373,1840,-364,-2433,2022-10-15 13:30:22.563979
444,-132,737,15630,2604,-410,123,-284,1782,-300,-2466,2022-10-15 13:30:22.743117
445,-134,1072,15606,2949,12,147,-238,1758,-258,-2502,2022-10-15 13:30:22.922689
446,-134,1193,15533,3089,-209,27,-218,1796,-283,-2489,2022-10-15 13:30:23.103761
447,-134,1079,15709,3882,-536,63,-307,1777,-284,-2531,2022-10-15 13:30:23.283964
448,-135,2658,14871,2473,302,914,167,1820,-280,-2551,2022-10-15 13:30:23.467180
449,-132,3314,17037,2628,509,-534,-557,1775,-251,-2486,2022-10-15 13:30:23.646263
450,-134,2379,16309,1882,1048,-149,-204,1789,-297,-2274,2022-10-15 13:30:23.825098
451,-134,-621,17010,-1958,3563,-60,-260,1854,-342,-2068,2022-10-15 13:30:24.004481
452,-134,675,15453,-4952,5179,-427,-231,2108,-310,-1459,2022-10-15 13:30:24.184069
453,-135,-83,11736,-7215,3447,58,-238,2489,-218,-963,2022-10-15 13:30:24.363969
454,-135,209,10239,-9297,1179,194,-231,2381,284,-786,2022-10-15 13:30:24.543205
455,-134,703,12242,-10550,-451,158,-200,2453,207,-702,2022-10-15 13:30:24.723208
456,-133,318,11634,-9833,-379,48,-102,2428,203,-770,2022-10-15 13:30:24.902259
457,-136,67,12472,-10034,-277,180,-142,2492,59,-852,2022-10-15 13:30:25.086226
458,-133,2000,13421,-9049,-988,8,54,2480,-44,-946,2022-10-15 13:30:25.266384
459,-136,893,12710,-7212,-2974,220,-101,2417,-235,-1121,2022-10-15 13:30:25.452321
460,-136,746,16018,-4307,-4502,277,7,2198,-477,-1564,2022-10-15 13:30:25.632817
461,-135,1690,16399,624,-5214,160,-39,2036,-492,-2159,2022-10-15 13:30:25.814868
462,-134,1929,16087,5692,-5216,234,-123,1857,-322,-2729,2022-10-15 13:30:25.995191
463,-133,945,13932,9788,-5832,220,-55,2495,-624,-3232,2022-10-15 13:30:26.175351
464,-134,938,11043,13729,-5295,210,131,2552,2,-3622,2022-10-15 13:30:26.356028
465,-133,1364,6792,15874,-4640,152,110,2504,779,-3891,2022-10-15 13:30:26.537288
466,-133,1341,2739,17148,-4678,417,586,2407,1779,-3948,2022-10-15 13:30:26.722710
467,-131,157,-1936,18216,-4330,187,182,2520,2604,-3947,2022-10-15 13:30:26.901326
468,-133,244,-5345,16718,-4485,29,202,2540,3541,-3758,2022-10-15 13:30:27.080708
469,-133,877,-9299,13974,-4782,258,52,2544,4462,-3397,2022-10-15 13:30:27.260524
470,-136,1991,-12492,11568,-4552,281,-16,2601,5185,-2975,2022-10-15 13:30:27.439926
471,-133,767,-14855,8410,-4827,168,30,2745,5713,-2451,2022-10-15 13:30:27.619296
472,-135,198,-15589,3120,-4493,279,50,2845,6090,-1961,2022-10-15 13:30:27.798885
473,-131,0,-15925,-105,-4172,-203,152,2940,6277,-1557,2022-10-15 13:30:27.978256
474,-132,330,-15451,-3955,-3182,-20,38,2944,6276,-1208,2022-10-15 13:30:28.157205
475,-133,-825,-15095,-5672,-2597,237,-45,2976,6294,-896,2022-10-15 13:30:28.335886
476,-133,-567,-13862,-7752,-1678,230,-44,2935,6220,-707,2022-10-15 13:30:28.516735
477,-133,372,-14252,-8363,-189,551,-38,2834,6292,-626,2022-10-15 13:30:28.696812
478,-129,-99,-14460,-7971,108,141,-118,2908,6236,-615,2022-10-15 13:30:28.876885
479,-133,-244,-14104,-8452,152,77,-203,2882,6259,-599,2022-10-15 13:30:29.055908
480,-132,-645,-14227,-7444,1034,114,-267,2920,6252,-613,2022-10-15 13:30:29.235868
481,-132,-368,-14467,-7349,1345,227,-187,2962,6261,-821,2022-10-15 13:30:29.420568
482,-132,-45,-14823,-5624,2429,-176,-442,2932,6303,-944,2022-10-15 13:30:29.599754
483,-132,-8,-15459,-3106,3448,-383,-354,3012,6268,-1368,2022-10-15 13:30:29.785338
484,-133,139,-16729,2145,3819,-19,-379,2948,6118,-1726,2022-10-15 13:30:29.965771
485,-132,-95,-15687,4892,3780,-5,-383,2820,5921,-2222,2022-10-15 13:30:30.146441
486,-131,1071,-14621,8953,4358,-33,-393,2752,5500,-2639,2022-10-15 13:30:30.327806
487,-130,1008,-12188,11374,4431,56,-318,2678,4953,-3043,2022-10-15 13:30:30.508846
488,-133,1013,-9139,14477,4391,15,-382,2614,4124,-3488,2022-10-15 13:30:30.691218
489,-133,1191,-5095,17611,4380,15,-394,2533,3291,-3763,2022-10-15 13:30:30.872601
490,-134,1490,-388,16729,4251,77,-479,2469,2374,-3860,2022-10-15 13:30:31.053839
491,-134,1261,2747,16942,4415,73,-879,2528,1424,-3931,2022-10-15 13:30:31.234690
492,-131,2150,6897,15170,4385,224,227,2509,593,-3778,2022-10-15 13:30:31.415637
493,-133,-59,9423,13650,3663,-19,-361,2572,-176,-3582,2022-10-15 13:30:31.599665
494,-130,2565,12933,10880,3428,-16,-381,2511,-475,-3347,2022-10-15 13:30:31.780270
495,-132,1562,13975,8922,3621,209,-235,2477,-753,-2986,2022-10-15 13:30:31.962039
496,-132,1979,16284,4752,3202,66,-201,2382,-891,-2661,2022-10-15 13:30:32.141581
497,-133,845,15509,3447,2853,-174,-280,2229,-763,-2351,2022-10-15 13:30:32.320713
498,-133,1842,15936,465,1640,-54,-280,2135,-572,-2131,2022-10-15 13:30:32.500985
499,-131,269,14563,244,-105,20,-158,2113,-619,-2024,2022-10-15 13:30:32.681525
500,-134,1695,16688,-493,-674,77,-32,2172,-678,-2169,2022-10-15 13:30:32.861615
501,-131,1593,15637,1022,-482,182,-136,2123,-657,-2125,2022-10-15 13:30:33.040724
502,-134,2617,16384,-201,-422,-434,-146,2188,-725,-2179,2022-10-15 13:30:33.220639
503,-132,1358,15013,1560,-51,161,-144,2125,-638,-2204,2022-10-15 13:30:33.407051
504,-133,2285,16146,241,-268,-1478,-205,2261,-792,-2232,2022-10-15 13:30:33.587339
505,-131,1464,15876,868,-242,-3143,-289,2256,-761,-2298,2022-10-15 13:30:33.765912
506,-132,2120,16251,557,-450,-4214,-285,2168,-688,-2490,2022-10-15 13:30:33.946647
507,-130,1646,16145,1446,-223,-4343,-342,2010,-588,-2626,2022-10-15 13:30:34.126100
508,-131,909,16545,526,-226,-3817,-410,1752,-431,-2887,2022-10-15 13:30:34.306143
509,-131,-1218,15496,1531,-351,-3948,-167,1548,-423,-2942,2022-10-15 13:30:34.485929
510,-133,76,16152,960,-197,-3418,-326,1483,-545,-3013,2022-10-15 13:30:34.672739
511,-134,-63,15256,1019,-39,-2518,-210,1345,-515,-3036,2022-10-15 13:30:34.855102
512,-133,408,15587,1370,-222,-1570,-209,1218,-565,-3031,2022-10-15 13:30:35.037230
513,-131,1112,15846,641,-118,-376,-270,1177,-588,-3133,2022-10-15 13:30:35.217316
514,-131,831,16292,420,-47,197,-229,1122,-584,-3080,2022-10-15 13:30:35.399086
515,-131,1371,16151,857,-191,63,-242,1156,-565,-3165,2022-10-15 13:30:35.579693
516,-131,880,15867,630,-44,164,-208,1160,-537,-3095,2022-10-15 13:30:35.759773
517,-133,102,15736,987,-72,1254,-188,1168,-607,-3085,2022-10-15 13:30:35.941433
518,-132,-400,15966,882,-19,1398,-33,1270,-590,-3074,2022-10-15 13:30:36.121441
519,-130,1886,16062,986,208,3339,-161,1337,-517,-3066,2022-10-15 13:30:36.304792
520,-131,848,15794,1042,157,4012,-62,1517,-493,-3013,2022-10-15 13:30:36.484840
521,-128,1489,15769,1657,407,3978,41,1688,-471,-2914,2022-10-15 13:30:36.664580
522,-130,2115,15801,1444,59,4276,-14,1784,-451,-2791,2022-10-15 13:30:36.843091
523,-131,1759,16681,646,190,4191,-195,1932,-498,-2635,2022-10-15 13:30:37.022798
524,-130,1254,16803,1251,16,3477,-65,2092,-602,-2458,2022-10-15 13:30:37.202319
525,-131,2151,15719,1378,-39,2545,-131,2075,-603,-2458,2022-10-15 13:30:37.385907
526,-132,1652,15851,1423,73,1768,-129,2122,-585,-2317,2022-10-15 13:30:37.564512
527,-130,1946,16108,1048,128,1277,-89,2090,-674,-2308,2022-10-15 13:30:37.743684
528,-130,1414,16172,1543,-4,801,-226,2117,-665,-2222,2022-10-15 13:30:37.922926
529,-130,737,16245,937,-8,570,-158,2163,-700,-2220,2022-10-15 13:30:38.102325
530,-130,779,16052,1524,-140,381,-164,2118,-712,-2164,2022-10-15 13:30:38.281204
531,-131,2019,15907,1443,28,122,-219,2104,-631,-2222,2022-10-15 13:30:38.461149
532,-134,1193,15508,1706,-44,105,-207,2107,-688,-2164,2022-10-15 13:30:38.640659
533,-134,1156,15895,1422,31,114,-224,2139,-667,-2202,2022-10-15 13:30:38.820252
534,-133,1144,16038,1089,-8,93,-206,2161,-682,-2235,2022-10-15 13:30:39.000125
535,-130,1144,15947,1139,-126,111,-195,2126,-657,-2245,2022-10-15 13:30:39.179147
536,-131,1221,15858,1341,-97,122,-205,2141,-698,-2240,2022-10-15 13:30:39.365145
537,-132,1184,15828,1516,-36,111,-197,2125,-729,-2239,2022-10-15 13:30:39.546838
538,-130,1190,15852,1288,-20,121,-194,2140,-683,-2206,2022-10-15 13:30:39.728036
539,-130,1180,15972,1239,-46,113,-197,2134,-690,-2229,2022-10-15 13:30:39.908240
540,-130,1197,15958,1282,-62,114,-199,2142,-693,-2212,2022-10-15 13:30:40.089744
541,-131,1163,15864,1296,-66,124,-202,2167,-672,-2146,2022-10-15 13:30:40.271694
542,-128,1195,15862,1400,-70,118,-204,2146,-692,-2186,2022-10-15 13:30:40.452626
543,-133,1179,15878,1362,-30,108,-205,2097,-683,-2191,2022-10-15 13:30:40.632922
544,-131,1167,15886,1235,-53,111,-208,2126,-697,-2261,2022-10-15 13:30:40.813868
545,-133,1190,15918,1273,-71,116,-204,2162,-690,-2223,2022-10-15 13:30:40.998073
546,-132,1160,15919,1322,-69,116,-207,2161,-658,-2219,2022-10-15 13:30:41.185457
547,-130,1195,15881,1347,-37,123,-193,2147,-683,-2322,2022-10-15 13:30:41.364901
548,-133,1180,15842,1315,-52,118,-192,2172,-717,-2249,2022-10-15 13:30:41.548261
549,-131,1192,15902,1332,-47,108,-197,2109,-680,-2278,2022-10-15 13:30:41.728460
550,-131,1193,15911,1309,-46,126,-203,2116,-686,-2242,2022-10-15 13:30:41.908342
551,-132,1182,15877,1258,-60,113,-204,2172,-705,-2211,2022-10-15 13:30:42.087425
552,-131,1198,15907,1350,-38,112,-199,2179,-666,-2175,2022-10-15 13:30:42.266898
553,-130,1176,15860,1270,-69,115,-206,2180,-691,-2259,2022-10-15 13:30:42.446750
554,-131,1191,15908,1372,-51,124,-202,2188,-697,-2267,2022-10-15 13:30:42.626946
555,-132,1208,15878,1289,-33,114,-191,2145,-699,-2235,2022-10-15 13:30:42.806068
556,-129,1176,15907,1295,-70,102,-209,2161,-719,-2273,2022-10-15 13:30:42.984818
557,-131,1196,15904,1339,-30,117,-204,2161,-674,-2289,2022-10-15 13:30:43.164826
558,-130,1198,15877,1281,-68,120,-197,2147,-699,-2228,2022-10-15 13:30:43.343759
559,-130,1167,15920,1382,-37,109,-197,2128,-640,-2229,2022-10-15 13:30:43.525819
560,-129,1189,15861,1280,-49,113,-202,2169,-649,-2301,2022-10-15 13:30:43.704607
561,-132,1189,15910,1358,-50,113,-203,2155,-678,-2232,2022-10-15 13:30:43.884046
562,-132,1182,15923,1373,-35,115,-194,2139,-692,-2293,2022-10-15 13:30:44.068725
563,-130,1172,15870,1277,-50,129,-195,2153,-700,-2293,2022-10-15 13:30:44.250658
564,-129,1189,15922,1377,-32,119,-203,2106,-675,-2258,2022-10-15 13:30:44.431376
565,-129,1186,15892,1302,-43,123,-197,2164,-654,-2283,2022-10-15 13:30:44.611197
566,-130,1160,15842,1361,-53,109,-198,2150,-687,-2304,2022-10-15 13:30:44.791624
567,-130,1082,15823,1641,-170,130,-180,2157,-682,-2316,2022-10-15 13:30:44.972335
568,-131,1199,15713,1750,15,136,-207,2153,-684,-2292,2022-10-15 13:30:45.154184
569,-129,1211,15841,1336,57,48,-213,2187,-667,-2263,2022-10-15 13:30:45.334747
570,-129,1040,16058,1109,-39,25,-213,2162,-709,-2256,2022-10-15 13:30:45.519691
571,-129,1276,15889,1429,-96,104,-195,2170,-667,-2301,2022-10-15 13:30:45.703712
572,-130,1143,15764,1468,-68,101,-190,2185,-688,-2235,2022-10-15 13:30:45.889261
573,-129,1160,15662,1517,-50,84,-192,2163,-698,-2307,2022-10-15 13:30:46.068814
574,-130,1078,16006,1340,-22,98,-193,2168,-698,-2250,2022-10-15 13:30:46.247517
575,-130,1256,15848,1191,-63,62,-196,2162,-682,-2257,2022-10-15 13:30:46.428362
576,-128,1128,15938,1403,-62,61,-202,2129,-668,-2216,2022-10-15 13:30:46.608404
577,-130,1193,15782,1392,-17,139,-200,2132,-663,-2180,2022-10-15 13:30:46.788175
578,-128,1474,15914,1365,-30,110,-204,2180,-697,-2228,2022-10-15 13:30:46.966896
579,-131,1161,16001,1399,-49,121,-187,2171,-673,-2258,2022-10-15 13:30:47.146939
580,-130,1208,15819,1343,-18,118,-195,2210,-640,-2221,2022-10-15 13:30:47.327025
581,-130,1068,15868,1540,-41,138,-194,2173,-653,-2214,2022-10-15 13:30:47.507150
582,-129,1109,15907,1256,-29,160,-210,2195,-683,-2245,2022-10-15 13:30:47.686417
583,-130,1158,16050,1238,-126,120,-193,2187,-703,-2192,2022-10-15 13:30:47.866430
584,-130,1247,15874,1379,9,127,-214,2150,-692,-2216,2022-10-15 13:30:48.045958
585,-129,1573,16076,1155,-56,-352,-204,2211,-639,-2268,2022-10-15 13:30:48.225616
586,-128,751,16004,1165,65,-414,-140,2182,-674,-2299,2022-10-15 13:30:48.404724
587,-129,1793,15864,1363,-258,-1942,-377,2198,-719,-2340,2022-10-15 13:30:48.584703
588,-128,832,15872,1795,-92,-2690,-379,2170,-668,-2379,2022-10-15 13:30:48.769873
589,-128,2100,16185,1434,-245,-3455,-618,2152,-629,-2535,2022-10-15 13:30:48.952083
590,-130,1864,15678,1329,-160,-3441,-467,2058,-560,-2660,2022-10-15 13:30:49.132219
591,-127,1176,16091,1251,-193,-3654,-382,1901,-504,-2870,2022-10-15 13:30:49.313049
592,-133,1225,15870,1476,-275,-3392,-481,1687,-514,-2919,2022-10-15 13:30:49.498716
593,-133,711,15723,1876,-143,-2734,-285,1599,-514,-2948,2022-10-15 13:30:49.678707
594,-131,1236,15744,1624,-204,-2470,-327,1496,-569,-3066,2022-10-15 13:30:49.860272
595,-130,1054,15962,1265,-247,-2119,-369,1422,-554,-3115,2022-10-15 13:30:50.040421
596,-127,1033,16103,859,-160,-1472,-285,1303,-560,-3147,2022-10-15 13:30:50.221404
597,-130,1008,15928,1072,-157,-556,-249,1312,-585,-3120,2022-10-15 13:30:50.405038
598,-129,434,16005,1163,1,383,-321,1240,-582,-3174,2022-10-15 13:30:50.585237
599,-130,1367,15915,1028,-97,409,-195,1265,-584,-3090,2022-10-15 13:30:50.764045
600,-130,1402,15977,1244,-81,-209,-206,1249,-601,-3128,2022-10-15 13:30:50.943614
601,-130,880,15932,924,-105,146,-241,1237,-560,-3089,2022-10-15 13:30:51.123177
602,-127,248,16334,581,139,1438,-121,1262,-595,-3158,2022-10-15 13:30:51.302738
603,-130,-196,15777,1635,195,2284,-122,1381,-590,-3127,2022-10-15 13:30:51.482982
604,-127,1422,15967,1382,122,3634,-96,1520,-526,-3071,2022-10-15 13:30:51.662404
605,-130,1198,16216,1297,205,3948,11,1637,-516,-3014,2022-10-15 13:30:51.842575
606,-130,1074,15686,1330,134,3976,58,1805,-451,-2965,2022-10-15 13:30:52.022103
607,-131,1351,15392,1646,180,4248,70,1852,-427,-2762,2022-10-15 13:30:52.201975
608,-131,1078,15975,1798,279,3997,36,2024,-539,-2534,2022-10-15 13:30:52.381429
609,-131,1293,15842,1907,31,3361,104,2150,-627,-2513,2022-10-15 13:30:52.562041
610,-129,1186,16332,1469,79,2558,-59,2110,-623,-2437,2022-10-15 13:30:52.741690
611,-130,1991,15758,1529,47,1618,-73,2116,-664,-2261,2022-10-15 13:30:52.920900
612,-129,1666,15674,1356,-212,752,-130,2146,-697,-2284,2022-10-15 13:30:53.100445
613,-130,881,15986,1410,-17,-84,-213,2156,-664,-2264,2022-10-15 13:30:53.280560
614,-127,1081,15914,1223,-59,-154,-204,2104,-676,-2305,2022-10-15 13:30:53.471770
615,-129,1402,15876,1290,-120,164,-191,2144,-631,-2272,2022-10-15 13:30:53.652971
616,-129,1241,15731,1478,-77,101,-178,2163,-663,-2256,2022-10-15 13:30:53.833150
617,-129,1084,15796,1459,-25,119,-200,2143,-646,-2241,2022-10-15 13:30:54.014181
618,-130,1222,15931,1266,1,134,-207,2150,-646,-2279,2022-10-15 13:30:54.195151
619,-129,1158,15965,1161,-78,112,-189,2148,-685,-2309,2022-10-15 13:30:54.376818
620,-128,1206,15897,1302,-88,113,-195,2122,-676,-2318,2022-10-15 13:30:54.558159
621,-131,1182,15845,1455,-36,109,-197,2147,-644,-2287,2022-10-15 13:30:54.740668
622,-127,1183,15839,1348,-44,118,-200,2156,-659,-2336,2022-10-15 13:30:54.922008
623,-128,1205,15905,1245,-42,117,-208,2157,-649,-2325,2022-10-15 13:30:55.106075
624,-128,1157,15937,1315,-43,110,-205,2154,-650,-2355,2022-10-15 13:30:55.285195
625,-127,1208,15875,1284,-76,117,-202,2153,-679,-2323,2022-10-15 13:30:55.465043
626,-128,1174,15627,1368,-52,108,-196,2184,-629,-2308,2022-10-15 13:30:55.645963
627,-128,1192,15889,1395,-27,117,-194,2156,-681,-2327,2022-10-15 13:30:55.825975
628,-130,1176,15887,1253,-59,110,-199,2186,-719,-2300,2022-10-15 13:30:56.005986
629,-126,1181,15930,1355,-56,117,-206,2176,-711,-2291,2022-10-15 13:30:56.185233
630,-130,1200,15864,1287,-68,114,-197,2172,-667,-2280,2022-10-15 13:30:56.365164
631,-128,1178,15903,1350,-58,119,-199,2158,-680,-2209,2022-10-15 13:30:56.545441
632,-126,1147,15910,1354,-32,122,-202,2154,-668,-2337,2022-10-15 13:30:56.725440
633,-129,1189,15861,1248,-65,117,-203,2163,-675,-2289,2022-10-15 13:30:56.905213
634,-127,1180,15929,1366,-48,116,-206,2134,-711,-2273,2022-10-15 13:30:57.085178
635,-128,1210,15878,1309,-42,131,-190,2111,-657,-2330,2022-10-15 13:30:57.265151
636,-127,1211,15958,1302,-40,108,-210,2150,-710,-2319,2022-10-15 13:30:57.449878
637,-127,1242,16165,1140,-31,115,-219,2150,-699,-2320,2022-10-15 13:30:57.628850
638,-128,1299,16023,1116,-141,137,-184,2158,-631,-2305,2022-10-15 13:30:57.808768
639,-131,1166,15695,1592,-81,116,-206,2118,-694,-2341,2022-10-15 13:30:57.988702
640,-129,1229,15846,1492,18,117,-197,2186,-675,-2273,2022-10-15 13:30:58.174725
641,-129,666,16044,1335,11,-45,-195,2168,-701,-2265,2022-10-15 13:30:58.356357
642,-126,761,16018,1199,-66,266,-132,2156,-696,-2284,2022-10-15 13:30:58.537038
643,-127,1272,15976,1247,9,268,-185,2187,-663,-2288,2022-10-15 13:30:58.719851
644,-130,1479,15845,1290,-30,173,-177,2173,-724,-2250,2022-10-15 13:30:58.902390
645,-127,1526,16040,1142,-43,157,-209,2194,-713,-2228,2022-10-15 13:30:59.083484
646,-128,1316,15927,1280,-80,118,-181,2170,-689,-2285,2022-10-15 13:30:59.263720
647,-128,1171,15895,1413,-35,142,-188,2156,-668,-2262,2022-10-15 13:30:59.447347
648,-127,1231,15853,1362,-34,142,-198,2140,-690,-2273,2022-10-15 13:30:59.628825
649,-127,1192,15820,1338,-46,232,-198,2143,-706,-2216,2022-10-15 13:30:59.813584
650,-128,224,16024,1300,47,1801,-177,2103,-622,-2232,2022-10-15 13:30:59.992626
651,-128,1187,16086,1286,68,2945,-111,2118,-642,-2121,2022-10-15 13:31:00.171881
652,-128,1585,16026,1635,79,3702,52,2102,-722,-2079,2022-10-15 13:31:00.351559
653,-132,797,15644,1723,230,4102,32,2011,-715,-1996,2022-10-15 13:31:00.532239
654,-129,2376,15915,1335,99,3759,-52,1973,-775,-1948,2022-10-15 13:31:00.712357
655,-129,959,16080,1624,184,3328,72,1857,-743,-1864,2022-10-15 13:31:00.892663
656,-129,1128,15882,1613,181,3654,9,1733,-692,-1760,2022-10-15 13:31:01.072794
657,-128,1739,15964,1523,70,2834,-106,1622,-682,-1662,2022-10-15 13:31:01.252402
658,-128,1588,15917,1255,18,1424,-177,1502,-648,-1666,2022-10-15 13:31:01.436486
659,-126,1255,15801,1299,-5,676,-174,1402,-585,-1578,2022-10-15 13:31:01.615601
660,-128,1010,15749,1478,-19,147,-165,1417,-629,-1624,2022-10-15 13:31:01.796835
661,-126,677,15805,1356,-30,62,-164,1422,-633,-1553,2022-10-15 13:31:01.977561
662,-127,932,16029,1237,-101,-128,-238,1469,-637,-1560,2022-10-15 13:31:02.157058
663,-129,1883,15880,1546,-101,-722,-298,1493,-673,-1564,2022-10-15 13:31:02.336365
664,-128,1664,15730,1315,0,-49,-183,1490,-671,-1608,2022-10-15 13:31:02.517199
665,-128,1919,15898,1081,-131,-884,-231,1561,-740,-1578,2022-10-15 13:31:02.696832
666,-126,1983,15653,1345,-215,-2467,-397,1732,-771,-1587,2022-10-15 13:31:02.882070
667,-129,1634,16363,1783,-214,-4105,-429,1940,-864,-1757,2022-10-15 13:31:03.062942
668,-129,732,16201,1561,-342,-4617,-493,2124,-939,-1848,2022-10-15 13:31:03.244874
669,-129,962,16304,1819,-391,-4124,-437,2169,-902,-2021,2022-10-15 13:31:03.429838
670,-127,750,15935,1883,-198,-3545,-357,2181,-935,-2057,2022-10-15 13:31:03.611843
671,-128,1367,15907,1138,-151,-2832,-328,2240,-901,-2147,2022-10-15 13:31:03.793314
672,-126,1142,15841,821,-348,-2490,-193,2326,-906,-2186,2022-10-15 13:31:03.974967
673,-129,370,15913,1345,-207,-1801,-310,2343,-837,-2284,2022-10-15 13:31:04.156060
674,-127,686,15808,1619,-107,-733,-217,2302,-794,-2328,2022-10-15 13:31:04.339241
675,-129,1035,15728,1512,22,295,-190,2273,-771,-2344,2022-10-15 13:31:04.524441
676,-126,1267,15980,1265,-35,280,-150,2325,-825,-2297,2022-10-15 13:31:04.704092
677,-127,1140,16074,1363,-73,-78,-214,2283,-802,-2293,2022-10-15 13:31:04.883922
678,-129,1071,15840,1302,-36,128,-232,2286,-789,-2358,2022-10-15 13:31:05.065019
679,-130,1290,15933,1395,-45,150,-212,2275,-845,-2274,2022-10-15 13:31:05.245068
680,-129,963,16056,1336,-94,376,-212,2266,-810,-2295,2022-10-15 13:31:05.428812
681,-128,1578,15752,1388,-70,189,-207,2274,-789,-2364,2022-10-15 13:31:05.608573
682,-128,-690,15700,1471,-36,-659,281,2339,-780,-2376,2022-10-15 13:31:05.788753
683,-128,1091,16043,1610,-23,-1135,-152,2260,-778,-2343,2022-10-15 13:31:05.968856
684,-128,889,15826,1565,-249,-3263,-328,2397,-874,-2431,2022-10-15 13:31:06.149451
685,-125,581,15811,1975,-254,-4505,-541,2290,-791,-2637,2022-10-15 13:31:06.328706
686,-129,1067,16189,1928,-292,-4195,-524,2123,-689,-2808,2022-10-15 13:31:06.509087
687,-127,678,16039,1636,-293,-4022,-426,1943,-593,-3007,2022-10-15 13:31:06.688818
688,-127,1129,15904,1555,-199,-3681,-390,1619,-486,-3123,2022-10-15 13:31:06.868726
689,-128,326,15748,1275,-288,-2698,-306,1398,-445,-3127,2022-10-15 13:31:07.047659
690,-127,289,15787,1531,-122,-1939,-368,1364,-530,-3182,2022-10-15 13:31:07.228414
691,-126,1321,15844,1222,-118,-1112,-355,1258,-548,-3170,2022-10-15 13:31:07.409011
692,-128,861,15938,1173,-106,-141,-205,1253,-545,-3150,2022-10-15 13:31:07.594361
693,-128,1452,15913,1338,-40,176,-208,1243,-535,-3126,2022-10-15 13:31:07.774827
694,-127,1129,15855,1155,-53,179,-202,1235,-556,-3228,2022-10-15 13:31:07.955729
695,-128,931,15957,1187,-124,180,-165,1187,-566,-3211,2022-10-15 13:31:08.137761
696,-126,1303,15900,1422,-12,212,-192,1222,-533,-3201,2022-10-15 13:31:08.318841
697,-127,950,15920,1155,-47,50,-211,1214,-521,-3234,2022-10-15 13:31:08.500624
698,-128,549,15879,1172,-76,766,-155,1245,-546,-3178,2022-10-15 13:31:08.681492
699,-126,203,16043,1566,-39,75,-110,1299,-592,-3152,2022-10-15 13:31:08.862805
700,-126,-163,16048,1570,44,696,-234,1306,-568,-3197,2022-10-15 13:31:09.046046
701,-127,937,15789,1413,98,2219,-65,1369,-512,-3222,2022-10-15 13:31:09.231165
702,-127,908,15756,1250,87,2789,-51,1411,-515,-3132,2022-10-15 13:31:09.415671
703,-125,1107,15959,1639,99,3413,-31,1598,-524,-3031,2022-10-15 13:31:09.595308
704,-126,725,16040,1608,97,3255,-31,1724,-482,-2922,2022-10-15 13:31:09.775370
705,-129,710,15838,1731,170,3328,25,1901,-545,-2880,2022-10-15 13:31:09.955983
706,-126,544,15816,1598,207,3724,147,2055,-594,-2675,2022-10-15 13:31:10.136607
707,-129,1323,15901,1242,226,3848,130,2117,-638,-2644,2022-10-15 13:31:10.316397
708,-126,1727,16177,1402,109,3192,67,2191,-728,-2488,2022-10-15 13:31:10.497378
709,-127,1808,16090,1404,12,2265,-105,2221,-753,-2360,2022-10-15 13:31:10.677082
710,-130,1958,15932,1377,-26,759,-108,2207,-712,-2292,2022-10-15 13:31:10.857082
711,-128,1947,15930,1259,-73,-306,-230,2223,-756,-2307,2022-10-15 13:31:11.036691
712,-128,817,15980,1329,-76,91,-278,2217,-720,-2311,2022-10-15 13:31:11.218234
713,-127,958,15768,1484,-113,97,-206,2220,-736,-2336,2022-10-15 13:31:11.399019
714,-128,971,15797,1485,-42,104,-183,2187,-743,-2322,2022-10-15 13:31:11.579759
715,-125,435,15973,1456,66,1065,29,2178,-755,-2270,2022-10-15 13:31:11.758974
716,-127,605,15518,1660,-51,177,37,2195,-780,-2344,2022-10-15 13:31:11.938929
717,-129,618,15915,1423,131,728,-107,2203,-723,-2284,2022-10-15 13:31:12.119024
718,-125,596,16204,1213,231,2935,-38,2112,-714,-2275,2022-10-15 13:31:12.305183
719,-126,933,16256,1540,95,4069,117,2143,-812,-2103,2022-10-15 13:31:12.487235
720,-126,2210,15894,1938,161,3962,3,2030,-803,-2013,2022-10-15 13:31:12.668421
721,-126,694,15892,1747,215,3982,152,1931,-732,-1892,2022-10-15 13:31:12.849924
722,-128,1108,15790,1697,187,3669,60,1851,-761,-1807,2022-10-15 13:31:13.061757
723,-126,938,15949,1620,166,3659,-52,1707,-712,-1710,2022-10-15 13:31:13.245927
724,-126,2437,15762,1531,126,2937,-22,1532,-638,-1607,2022-10-15 13:31:13.475684
725,-127,2302,15974,1494,52,1642,-157,1379,-556,-1526,2022-10-15 13:31:13.659322
726,-126,1457,15839,1393,34,324,-205,1356,-599,-1535,2022-10-15 13:31:13.866037
727,-127,1182,15917,1233,-35,-60,-238,1389,-617,-1553,2022-10-15 13:31:14.075011
728,-125,925,16033,1235,-87,-58,-216,1419,-660,-1509,2022-10-15 13:31:14.280877
729,-127,1131,15944,1313,-49,313,-187,1420,-632,-1578,2022-10-15 13:31:14.487057
730,-127,1096,15923,1336,-57,118,-185,1401,-625,-1573,2022-10-15 13:31:14.694881
731,-127,1913,15778,1421,-44,-788,-325,1483,-689,-1589,2022-10-15 13:31:14.901033
732,-125,1775,16165,1178,-74,-811,-264,1557,-705,-1637,2022-10-15 13:31:15.106130
733,-127,1904,15660,1743,-175,-2697,-413,1759,-838,-1642,2022-10-15 13:31:15.312241
734,-126,1988,15976,1981,-216,-4312,-575,1953,-908,-1766,2022-10-15 13:31:15.495248
735,-126,1214,15707,1436,-294,-4063,-467,2093,-964,-1898,2022-10-15 13:31:15.724812
736,-126,1017,16074,1513,-329,-3635,-361,2171,-974,-2005,2022-10-15 13:31:15.907082
737,-126,1025,15666,1726,-185,-3261,-396,2232,-980,-2076,2022-10-15 13:31:16.135863
738,-127,780,16103,1256,-311,-2747,-437,2272,-936,-2176,2022-10-15 13:31:16.316639
739,-124,1200,16064,1385,-219,-1910,-237,2270,-842,-2263,2022-10-15 13:31:16.523783
740,-126,1238,16094,1065,-43,145,-225,2210,-833,-2264,2022-10-15 13:31:16.729999
741,-125,979,15860,1268,-78,400,-116,2289,-877,-2192,2022-10-15 13:31:16.935814
742,-124,1216,15822,1438,-69,115,-160,2278,-825,-2288,2022-10-15 13:31:17.148471
743,-127,1150,15856,1513,-22,137,-204,2244,-822,-2337,2022-10-15 13:31:17.355988
744,-126,1327,15837,1386,-26,-49,-219,2225,-788,-2339,2022-10-15 13:31:17.563822
745,-124,-290,15878,1178,-61,-14,-240,2232,-844,-2267,2022-10-15 13:31:17.772919
746,-126,906,15926,1276,-156,5,-209,2258,-796,-2291,2022-10-15 13:31:17.989170
747,-125,1363,15768,1757,-172,-2134,-353,2270,-829,-2337,2022-10-15 13:31:18.172586
748,-127,1933,15828,1816,-214,-3861,-378,2312,-824,-2375,2022-10-15 13:31:18.354758
749,-128,551,15812,1629,-258,-4103,-364,2233,-780,-2587,2022-10-15 13:31:18.537185
750,-125,1401,15539,1431,-319,-4080,-589,2071,-706,-2819,2022-10-15 13:31:18.721452
751,-124,1325,15448,1604,-247,-4004,-504,1878,-636,-2964,2022-10-15 13:31:18.902246
752,-128,1357,15395,1580,-277,-4137,-429,1522,-474,-2995,2022-10-15 13:31:19.082891
753,-125,603,16453,1651,-220,-3177,-456,1333,-488,-3112,2022-10-15 13:31:19.262960
754,-126,614,16211,1253,-173,-1807,-277,1251,-530,-3196,2022-10-15 13:31:19.451427
755,-126,701,15993,1228,-59,-225,-254,1193,-549,-3163,2022-10-15 13:31:19.631646
756,-125,1226,15935,1163,-90,114,-199,1229,-550,-3234,2022-10-15 13:31:19.812361
757,-125,1301,15844,1416,-8,107,-211,1182,-586,-3141,2022-10-15 13:31:19.993037
758,-124,1146,15822,1249,-36,162,-201,1188,-556,-3212,2022-10-15 13:31:20.173825
759,-126,1447,15877,1276,-76,165,-195,1212,-562,-3178,2022-10-15 13:31:20.353752
760,-125,1106,15841,1364,-15,90,-202,1208,-526,-3147,2022-10-15 13:31:20.534780
761,-125,690,15921,1175,-39,615,-149,1230,-541,-3176,2022-10-15 13:31:20.715937
762,-126,1986,15653,1420,-9,317,-141,1224,-554,-3109,2022-10-15 13:31:20.896631
763,-129,25,16059,1355,75,644,-104,1290,-526,-3163,2022-10-15 13:31:21.076625
764,-126,552,16042,1301,110,2459,-38,1364,-514,-3206,2022-10-15 13:31:21.257713
765,-126,768,15906,1383,90,3517,-6,1482,-450,-3093,2022-10-15 13:31:21.438975
766,-125,470,16077,1843,240,4095,106,1650,-470,-2987,2022-10-15 13:31:21.619804
767,-124,1347,16161,1742,207,4041,-207,1819,-506,-2906,2022-10-15 13:31:21.805558
768,-128,1266,16105,1516,151,3965,29,2100,-632,-2758,2022-10-15 13:31:21.986880
769,-125,1089,16411,1484,87,3729,12,2169,-676,-2631,2022-10-15 13:31:22.170282
770,-125,1156,15641,1777,103,3448,-45,2165,-609,-2468,2022-10-15 13:31:22.351816
771,-129,1955,15784,1482,92,2537,-8,2182,-668,-2327,2022-10-15 13:31:22.533855
772,-125,3340,16025,1357,48,446,-184,2237,-728,-2264,2022-10-15 13:31:22.715902
773,-128,524,15985,991,-115,230,-207,2194,-724,-2317,2022-10-15 13:31:22.899122
774,-126,1319,15692,1416,-103,145,-175,2206,-742,-2296,2022-10-15 13:31:23.081380
775,-124,1309,15798,1501,-43,48,-210,2193,-716,-2348,2022-10-15 13:31:23.262902
776,-127,820,16043,1215,-22,210,-245,2221,-785,-2256,2022-10-15 13:31:23.452045
777,-126,1266,15776,1282,-71,-82,-211,2250,-757,-2317,2022-10-15 13:31:23.632045
778,-125,1153,15885,1326,-58,168,-206,2271,-751,-2310,2022-10-15 13:31:23.813099
779,-125,1527,15802,1349,-46,144,-143,2220,-760,-2296,2022-10-15 13:31:23.993788
780,-126,540,15864,1195,-52,611,-201,2209,-750,-2348,2022-10-15 13:31:24.173897
781,-125,1026,15783,1417,-18,38,-153,2206,-732,-2340,2022-10-15 13:31:24.354571
782,-126,1059,15922,1236,-72,43,-198,2225,-755,-2316,2022-10-15 13:31:24.535388
783,-125,1424,15908,1320,-61,93,-184,2234,-760,-2265,2022-10-15 13:31:24.716464
784,-128,1195,15845,1415,-46,5,-186,2162,-739,-2375,2022-10-15 13:31:24.897684
785,-126,808,15999,1193,-73,237,-185,2210,-740,-2256,2022-10-15 13:31:25.076902
786,-125,575,15848,1764,-72,128,-88,2200,-725,-2345,2022-10-15 13:31:25.257519
787,-129,-222,16210,1340,135,2445,-41,2140,-684,-2263,2022-10-15 13:31:25.438681
788,-123,436,16215,1503,163,4419,50,2119,-732,-2117,2022-10-15 13:31:25.619718
789,-126,784,15769,1956,53,4586,113,2125,-813,-2041,2022-10-15 13:31:25.800964
790,-123,1214,15805,1976,225,3912,158,1969,-785,-1989,2022-10-15 13:31:25.980772
791,-126,1230,15859,1296,196,3507,57,1853,-760,-1870,2022-10-15 13:31:26.161405
792,-124,1556,16113,1277,87,3352,-67,1767,-751,-1779,2022-10-15 13:31:26.341944
793,-126,1309,15819,1746,58,3643,121,1639,-659,-1699,2022-10-15 13:31:26.528580
794,-128,220,15914,1986,211,4034,114,1417,-535,-1592,2022-10-15 13:31:26.710894
795,-126,1551,16047,1715,245,3949,-49,1092,-454,-1436,2022-10-15 13:31:26.907378
796,-125,1603,15904,1699,262,4539,5,664,-328,-1502,2022-10-15 13:31:27.089167
797,-123,1318,15664,1762,191,4285,154,211,-204,-1502,2022-10-15 13:31:27.271161
798,-124,961,16263,1885,133,3992,-80,-227,-99,-1707,2022-10-15 13:31:27.457542
799,-125,1324,16026,1576,160,3881,-66,-500,33,-1960,2022-10-15 13:31:27.640638
800,-127,931,15750,1620,73,3479,-163,-664,89,-2189,2022-10-15 13:31:27.822242
801,-124,1237,15963,1426,148,3070,-12,-735,149,-2403,2022-10-15 13:31:28.005042
802,-125,1759,15676,1126,-31,1643,-119,-716,181,-2488,2022-10-15 13:31:28.190196
803,-125,1726,15705,1393,-98,-262,-326,-667,165,-2533,2022-10-15 13:31:28.371831
804,-125,-278,15880,1244,-95,85,-65,-608,91,-2467,2022-10-15 13:31:28.552894
805,-125,780,15861,1221,-32,130,-287,-584,41,-2481,2022-10-15 13:31:28.733093
806,-127,747,15848,1157,-37,150,-262,-579,92,-2415,2022-10-15 13:31:28.915303
807,-125,798,15911,1285,-78,69,-241,-564,22,-2354,2022-10-15 13:31:29.096211
808,-127,887,15823,1204,-16,90,-283,-580,20,-2407,2022-10-15 13:31:29.276129
809,-123,1054,15874,1158,-70,85,-263,-591,38,-2447,2022-10-15 13:31:29.460436
810,-126,983,15806,1365,-35,96,-281,-555,-3,-2452,2022-10-15 13:31:29.641459
811,-126,1121,15755,1266,-39,102,-275,-557,16,-2496,2022-10-15 13:31:29.821994
812,-127,1103,15932,1085,-10,83,-281,-545,52,-2472,2022-10-15 13:31:30.003532
813,-125,2284,15626,1372,-59,-1251,-348,-499,-36,-2351,2022-10-15 13:31:30.183634
814,-124,1474,15710,1091,-305,-3182,-454,-366,-188,-2257,2022-10-15 13:31:30.364621
815,-126,1212,15847,1610,-343,-4250,-377,-179,-389,-2011,2022-10-15 13:31:30.546610
816,-125,643,15698,1737,-264,-4551,-529,205,-590,-1764,2022-10-15 13:31:30.727163
817,-127,754,16003,1436,-293,-4063,-401,627,-711,-1527,2022-10-15 13:31:30.907627
818,-125,1417,15836,1748,-330,-4519,-394,1084,-811,-1448,2022-10-15 13:31:31.088718
819,-127,1595,15784,1825,-347,-4897,-431,1569,-965,-1476,2022-10-15 13:31:31.275189
820,-124,-199,16028,1932,-366,-4745,-379,1968,-1005,-1599,2022-10-15 13:31:31.462907
821,-125,1543,15786,2082,-347,-4652,-530,2106,-1070,-1680,2022-10-15 13:31:31.644682
822,-124,1187,15860,1691,-280,-3888,-406,2241,-1070,-1817,2022-10-15 13:31:31.825958
823,-127,1177,15858,1496,-280,-4183,-466,2309,-1043,-1971,2022-10-15 13:31:32.007253
824,-125,1357,15808,1895,-362,-4114,-430,2331,-993,-2035,2022-10-15 13:31:32.191403
825,-126,743,16028,1846,-91,-3799,-461,2373,-950,-2103,2022-10-15 13:31:32.372941
826,-126,1054,16288,1156,-295,-2639,-378,2391,-895,-2236,2022-10-15 13:31:32.555596
827,-126,442,16160,1184,-275,-554,-211,2326,-824,-2299,2022-10-15 13:31:32.736868
828,-125,1324,15615,1805,-67,142,-197,2341,-860,-2343,2022-10-15 13:31:32.921742
829,-127,1204,15887,1503,39,133,-176,2367,-860,-2337,2022-10-15 13:31:33.102938
830,-126,1079,16043,1052,226,106,-169,2353,-879,-2342,2022-10-15 13:31:33.284009
831,-128,1254,15936,1281,-137,136,-176,2368,-888,-2355,2022-10-15 13:31:33.464886
832,-123,1283,15902,1520,-45,138,-167,2278,-797,-2397,2022-10-15 13:31:33.645872
833,-125,1165,15846,1347,-12,114,-172,2322,-850,-2375,2022-10-15 13:31:33.827059
834,-125,1291,16035,1173,-63,5,-168,2368,-868,-2353,2022-10-15 13:31:34.007832
835,-126,1054,15968,1324,-87,-186,-121,2363,-832,-2366,2022-10-15 13:31:34.188690
836,-125,1310,15731,1413,-41,-163,-177,2317,-798,-2350,2022-10-15 13:31:34.369292
837,-127,1306,15926,1313,-54,-180,-218,2341,-816,-2356,2022-10-15 13:31:34.550278
838,-125,1920,16128,1617,-129,-2319,-283,2401,-866,-2323,2022-10-15 13:31:34.731701
839,-123,775,16213,1718,-299,-3541,-354,2450,-864,-2581,2022-10-15 13:31:34.912330
840,-124,1856,15836,1488,-235,-3751,-441,2398,-918,-2717,2022-10-15 13:31:35.092891
841,-126,2158,16018,1682,-242,-3864,-426,2325,-936,-2846,2022-10-15 13:31:35.274165
842,-123,682,15795,1742,-235,-3924,-390,2075,-798,-2996,2022-10-15 13:31:35.459226
843,-126,769,15795,1548,-231,-3466,-374,1989,-930,-3087,2022-10-15 13:31:35.640429
844,-126,1232,16239,1400,-244,-2838,-432,1676,-780,-3188,2022-10-15 13:31:35.820539
845,-125,1171,16091,1353,-239,-1894,-326,1594,-763,-3225,2022-10-15 13:31:36.008850
846,-125,499,15670,1207,-108,-697,-280,1155,-480,-3195,2022-10-15 13:31:36.191951
847,-125,1072,15803,1292,-16,446,-147,1180,-539,-3141,2022-10-15 13:31:36.374310
848,-126,1380,15966,1300,-50,188,-224,1236,-550,-3184,2022-10-15 13:31:36.556755
849,-126,1234,15815,1333,-75,-225,-215,1238,-549,-3208,2022-10-15 13:31:36.738917
850,-123,1387,15973,1133,-54,191,-184,1218,-538,-3223,2022-10-15 13:31:36.921908
851,-126,910,15892,1196,-25,768,-155,1220,-583,-3189,2022-10-15 13:31:37.103686
852,-126,887,15922,1284,-31,172,-192,1275,-580,-3134,2022-10-15 13:31:37.286529
853,-125,779,15657,1426,-106,100,-181,1289,-553,-3160,2022-10-15 13:31:37.468143
854,-126,1638,15815,1361,42,622,-186,1247,-579,-3130,2022-10-15 13:31:37.653688
855,-125,345,16071,1411,158,2618,-4,1392,-572,-3136,2022-10-15 13:31:37.834594
856,-124,435,16102,1623,157,3962,36,1495,-512,-3058,2022-10-15 13:31:38.015674
857,-127,1459,15897,1704,196,4623,52,1677,-490,-2979,2022-10-15 13:31:38.196596
858,-125,644,15813,1566,186,4418,207,1893,-539,-2828,2022-10-15 13:31:38.376984
859,-127,1088,16007,1874,151,4058,62,2044,-570,-2734,2022-10-15 13:31:38.558319
860,-126,1277,15419,1867,224,3654,-54,2092,-546,-2551,2022-10-15 13:31:38.739543
861,-125,2142,15785,1352,176,3213,-6,2044,-542,-2397,2022-10-15 13:31:38.920973
862,-123,1252,16199,1094,34,1959,-49,2156,-648,-2313,2022-10-15 13:31:39.100676
863,-124,1583,16060,1119,-85,1069,-140,2162,-710,-2269,2022-10-15 13:31:39.281761
864,-125,1225,16255,1075,-86,81,-200,2247,-788,-2238,2022-10-15 13:31:39.469582
865,-122,1437,15903,1207,-60,165,-186,2234,-729,-2269,2022-10-15 13:31:39.650982
866,-124,1416,15964,1221,-101,149,-167,2199,-752,-2307,2022-10-15 13:31:39.831472
867,-123,1083,15949,1377,-25,94,-181,2215,-738,-2254,2022-10-15 13:31:40.011739
868,-124,1213,15874,1263,-71,141,-205,2194,-714,-2340,2022-10-15 13:31:40.192716
869,-124,1223,15909,1227,-63,107,-168,2168,-710,-2278,2022-10-15 13:31:40.375445
870,-125,1083,15887,1370,-57,107,-187,2188,-730,-2284,2022-10-15 13:31:40.556813
871,-124,1263,15975,1330,-54,111,-193,2173,-704,-2253,2022-10-15 13:31:40.743578
872,-125,1113,15851,1294,-31,115,-187,2218,-723,-2253,2022-10-15 13:31:40.925938
873,-123,1202,15910,1248,-74,142,-198,2191,-752,-2320,2022-10-15 13:31:41.108445
874,-124,1226,15883,1269,-61,109,-181,2226,-701,-2265,2022-10-15 13:31:41.291954
875,-124,1149,15919,1316,-57,115,-198,2205,-704,-2313,2022-10-15 13:31:41.476197
876,-127,1211,15931,1333,-34,128,-184,2192,-766,-2344,2022-10-15 13:31:41.658112
877,-128,1146,15898,1275,-55,120,-185,2248,-762,-2285,2022-10-15 13:31:41.840528
878,-126,1209,15928,1290,-62,119,-199,2181,-758,-2328,2022-10-15 13:31:42.022731
879,-122,1156,15917,1353,-63,114,-184,2166,-721,-2242,2022-10-15 13:31:42.205140
880,-124,1209,15923,1329,-39,120,-178,2173,-754,-2299,2022-10-15 13:31:42.391008
881,-126,1178,15887,1243,-60,132,-186,2206,-715,-2276,2022-10-15 13:31:42.572077
882,-124,1171,15893,1262,-69,124,-186,2167,-690,-2293,2022-10-15 13:31:42.753248
883,-128,1190,15939,1349,-39,115,-187,2202,-719,-2305,2022-10-15 13:31:42.934903
884,-126,1182,15875,1515,-39,128,-179,2221,-714,-2317,2022-10-15 13:31:43.116488
885,-126,1171,15865,1254,-63,128,-178,2188,-730,-2291,2022-10-15 13:31:43.298696
886,-125,1179,15918,1288,-55,122,-198,2195,-743,-2319,2022-10-15 13:31:43.484408
887,-122,1185,15934,1355,-36,109,-181,2199,-750,-2243,2022-10-15 13:31:43.665704
888,-126,1194,15900,1291,-44,125,-183,2198,-744,-2284,2022-10-15 13:31:43.846860
889,-126,1168,15902,1279,-74,120,-185,2172,-716,-2260,2022-10-15 13:31:44.028313
890,-125,1162,15919,1353,-41,113,-186,2209,-708,-2256,2022-10-15 13:31:44.208795
891,-122,1189,15905,1311,-53,118,-182,2195,-729,-2327,2022-10-15 13:31:44.390484
892,-126,1166,15895,1252,-60,121,-188,2211,-716,-2344,2022-10-15 13:31:44.572701
893,-125,1172,15917,1321,-45,121,-192,2161,-715,-2319,2022-10-15 13:31:44.754551
894,-124,1163,15908,1323,-45,114,-189,2235,-726,-2262,2022-10-15 13:31:44.934876
895,-126,1184,15900,1250,-63,122,-188,2190,-723,-2318,2022-10-15 13:31:45.115873
896,-125,1182,15919,1044,-57,120,-192,2198,-707,-2310,2022-10-15 13:31:45.302553
897,-125,1178,15929,1344,-48,118,-186,2170,-722,-2296,2022-10-15 13:31:45.485587
898,-125,1193,15908,1331,-39,127,-183,2186,-745,-2314,2022-10-15 13:31:45.667691
899,-125,1183,15889,1242,-57,117,-172,2166,-755,-2317,2022-10-15 13:31:45.849906
900,-125,1181,15910,1305,-55,116,-180,2176,-732,-2312,2022-10-15 13:31:46.032496
901,-124,1175,15936,1355,-44,116,-184,2138,-710,-2321,2022-10-15 13:31:46.216614
902,-126,1195,15904,1297,-45,121,-188,2204,-721,-2309,2022-10-15 13:31:46.399230
903,-127,1182,15893,1254,-69,120,-190,2166,-714,-2305,2022-10-15 13:31:46.581384
904,-124,1183,15920,1337,-59,111,-192,2226,-733,-2260,2022-10-15 13:31:46.763807
905,-124,1176,15940,1350,-46,121,-185,2223,-774,-2315,2022-10-15 13:31:46.951006
906,-126,1208,15937,1305,-46,114,-183,2180,-688,-2277,2022-10-15 13:31:47.132167
907,-124,1180,15857,1254,-75,114,-182,2183,-725,-2287,2022-10-15 13:31:47.313933
908,-125,1163,15891,1295,-66,119,-191,2209,-704,-2296,2022-10-15 13:31:47.499036
909,-124,1184,15945,1361,-43,112,-169,2235,-672,-2342,2022-10-15 13:31:47.681111
910,-124,1178,15906,1298,-42,120,-177,2195,-736,-2321,2022-10-15 13:31:47.864932
911,-124,1221,15882,1244,-57,121,-185,2176,-722,-2317,2022-10-15 13:31:48.046910
912,-124,1172,15910,1357,-42,117,-191,2218,-696,-2311,2022-10-15 13:31:48.227152
913,-125,1185,15958,1307,-40,106,-176,2211,-743,-2259,2022-10-15 13:31:48.407782
914,-124,1149,15901,1273,-60,113,-194,2241,-692,-2303,2022-10-15 13:31:48.589193
915,-125,1209,15923,1335,-53,115,-185,2204,-711,-2267,2022-10-15 13:31:48.772787
916,-123,1182,15914,1313,-44,123,-181,2182,-708,-2254,2022-10-15 13:31:48.954872
917,-122,1192,15879,1256,-69,113,-193,2220,-712,-2261,2022-10-15 13:31:49.135402
918,-125,1212,15920,1351,-49,118,-170,2213,-699,-2251,2022-10-15 13:31:49.316398
919,-125,1177,15942,1375,-42,126,-194,2213,-723,-2279,2022-10-15 13:31:49.500864
920,-126,1310,15860,1240,-66,26,-204,2223,-761,-2330,2022-10-15 13:31:49.682411
921,-123,1294,15939,1328,-35,121,-188,2214,-729,-2284,2022-10-15 13:31:49.863515
922,-122,1328,15962,1289,-46,131,-180,2202,-728,-2289,2022-10-15 13:31:50.049811
923,-123,1146,15914,1218,-63,116,-172,2222,-690,-2297,2022-10-15 13:31:50.232247
924,-123,1193,15879,1284,-79,114,-182,2201,-730,-2255,2022-10-15 13:31:50.415612
925,-124,1169,15900,1405,-64,99,-181,2204,-738,-2271,2022-10-15 13:31:50.597854
926,-125,1170,15864,1352,-31,118,-186,2198,-730,-2260,2022-10-15 13:31:50.781348
927,-125,1161,15911,1208,-57,119,-183,2220,-751,-2314,2022-10-15 13:31:50.964389
928,-121,1165,15953,1237,-88,122,-180,2221,-734,-2309,2022-10-15 13:31:51.147626
929,-123,1253,15925,1328,-45,113,-183,2251,-715,-2235,2022-10-15 13:31:51.330243
930,-121,1154,15919,1394,-45,113,-177,2224,-728,-2274,2022-10-15 13:31:51.518274
931,-123,1217,15934,1349,-29,107,-175,2232,-729,-2215,2022-10-15 13:31:51.703513
932,-126,1115,15913,1238,-56,115,-191,2163,-732,-2265,2022-10-15 13:31:51.885910
933,-125,1158,15925,1249,-59,124,-170,2201,-703,-2245,2022-10-15 13:31:52.067601
934,-124,1166,15903,1365,-57,115,-182,2224,-743,-2262,2022-10-15 13:31:52.248940
935,-123,1196,15853,1296,-65,117,-186,2178,-687,-2257,2022-10-15 13:31:52.431226
936,-123,1174,15891,1300,-54,107,-185,2193,-693,-2268,2022-10-15 13:31:52.611969
937,-124,1103,15919,1378,-25,108,-177,2230,-702,-2255,2022-10-15 13:31:52.793681
938,-127,1161,16106,1288,-50,119,-189,2238,-685,-2202,2022-10-15 13:31:52.976018
939,-125,1255,15925,1261,-79,124,-188,2216,-710,-2275,2022-10-15 13:31:53.157444
940,-124,1154,15941,1350,-46,112,-176,2210,-689,-2246,2022-10-15 13:31:53.338173
941,-124,1170,15905,1262,-59,111,-174,2194,-718,-2302,2022-10-15 13:31:53.519940
942,-124,1200,15847,1292,-52,80,-173,2225,-714,-2307,2022-10-15 13:31:53.701389
943,-122,1201,15939,1386,-54,116,-177,2181,-750,-2241,2022-10-15 13:31:53.883879
944,-124,1145,15939,1334,-32,106,-174,2196,-739,-2293,2022-10-15 13:31:54.065517
945,-126,1155,15893,1227,-63,135,-192,2205,-724,-2294,2022-10-15 13:31:54.245986
946,-123,1295,15916,1335,-54,111,-180,2225,-752,-2244,2022-10-15 13:31:54.428548
947,-124,1342,15908,1382,-36,23,-213,2221,-745,-2322,2022-10-15 13:31:54.609958
948,-124,495,15763,1426,-101,-775,-163,2242,-767,-2339,2022-10-15 13:31:54.796500
949,-124,1449,15723,1573,-68,-1268,-116,2289,-803,-2337,2022-10-15 13:31:54.978873
950,-124,958,15586,1274,-136,-2973,-419,2344,-841,-2448,2022-10-15 13:31:55.161048
951,-125,122,15825,1608,-301,-3427,-476,2432,-893,-2517,2022-10-15 13:31:55.345011
952,-122,1369,15781,1722,-222,-3220,-405,2457,-995,-2649,2022-10-15 13:31:55.532143
953,-123,1785,16162,1809,-164,-3144,-326,2431,-1036,-2806,2022-10-15 13:31:55.714750
954,-124,1565,16000,1537,-204,-3227,-331,2259,-974,-2863,2022-10-15 13:31:55.896804
955,-121,1526,16051,1331,-371,-3324,-466,1717,-517,-3083,2022-10-15 13:31:56.081022
956,-126,591,15953,1701,-234,-2869,-399,1579,-605,-3094,2022-10-15 13:31:56.263596
957,-121,1697,15850,1491,-227,-2028,-329,1448,-566,-3077,2022-10-15 13:31:56.450210
958,-123,1094,15853,1289,-141,-1418,-295,1320,-614,-3141,2022-10-15 13:31:56.631185
959,-122,764,15854,1092,-44,23,-205,1306,-638,-3173,2022-10-15 13:31:56.811820
960,-124,1208,15877,1279,-77,268,-178,1327,-617,-3132,2022-10-15 13:31:56.993765
961,-124,1126,15932,1372,-41,29,-186,1350,-625,-3124,2022-10-15 13:31:57.175327
962,-122,1165,15851,1217,-24,200,-175,1324,-598,-3137,2022-10-15 13:31:57.356733
963,-122,1204,15946,1178,-74,121,-184,1355,-612,-3158,2022-10-15 13:31:57.538053
964,-125,1169,15905,1327,-49,121,-190,1341,-610,-3111,2022-10-15 13:31:57.718825
965,-124,1082,15867,1253,-48,157,-179,1363,-570,-3193,2022-10-15 13:31:57.900329
966,-124,1248,16028,976,-36,1337,-236,1371,-635,-3216,2022-10-15 13:31:58.082907
967,-123,773,15992,1321,-110,485,-290,1380,-579,-3145,2022-10-15 13:31:58.264507
968,-124,848,15982,1391,98,1988,-88,1407,-571,-3183,2022-10-15 13:31:58.445817
969,-125,1156,16139,1313,116,2188,-75,1518,-570,-3042,2022-10-15 13:31:58.628201
970,-124,971,16115,1243,24,2392,-50,1574,-521,-3035,2022-10-15 13:31:58.809896
971,-123,1071,15951,1466,90,2736,-19,1668,-452,-2965,2022-10-15 13:31:58.991855
972,-124,1432,15802,1425,135,2712,-136,1755,-432,-2840,2022-10-15 13:31:59.173573
973,-121,1222,15812,1181,115,2897,-14,1937,-536,-2765,2022-10-15 13:31:59.355353
974,-123,1694,15963,1269,139,2995,50,2059,-558,-2710,2022-10-15 13:31:59.548957
975,-121,1226,16019,1276,39,2455,-69,2040,-574,-2608,2022-10-15 13:31:59.731874
976,-122,1324,15986,1559,81,2389,-105,2127,-624,-2506,2022-10-15 13:31:59.916009
977,-122,1500,15859,1560,113,2589,-46,2046,-566,-2491,2022-10-15 13:32:00.098732
978,-123,2344,15945,1225,72,1917,-174,2115,-621,-2348,2022-10-15 13:32:00.281691
979,-122,1743,15968,1118,-36,718,-183,2084,-618,-2251,2022-10-15 13:32:00.464941
980,-124,865,15912,1392,-109,149,-189,2107,-615,-2271,2022-10-15 13:32:00.647609
981,-123,1201,15768,1398,-44,161,-226,2032,-610,-2254,2022-10-15 13:32:00.831460
982,-123,923,15896,1011,-24,843,-257,2106,-590,-2229,2022-10-15 13:32:01.013134
983,-125,1926,15910,1237,-122,364,-188,2191,-757,-2267,2022-10-15 13:32:01.200382
984,-122,1383,15922,1399,-73,-4,-194,2214,-792,-2304,2022-10-15 13:32:01.382442
985,-125,891,15928,1346,-47,-28,-199,2261,-850,-2269,2022-10-15 13:32:01.564441
986,-125,1120,15844,1275,-45,89,-165,2225,-810,-2296,2022-10-15 13:32:01.746110
987,-125,1228,15874,1320,-44,125,-182,2221,-794,-2262,2022-10-15 13:32:01.932988
988,-123,1137,15986,1309,-47,105,-159,2263,-785,-2199,2022-10-15 13:32:02.115007
989,-123,1130,15941,1335,-49,116,-173,2287,-784,-2259,2022-10-15 13:32:02.296905
990,-123,1209,15852,1269,-73,119,-168,2205,-771,-2292,2022-10-15 13:32:02.478911
991,-123,1134,15853,1301,-75,120,-189,2240,-799,-2283,2022-10-15 13:32:02.660144
992,-123,1392,15877,1458,-28,94,-187,2295,-753,-2246,2022-10-15 13:32:02.841331
993,-122,1190,15916,1346,-25,122,-165,2261,-759,-2208,2022-10-15 13:32:03.022878
994,-124,1006,15940,1283,-27,203,-187,2268,-807,-2223,2022-10-15 13:32:03.204775
995,-124,2379,16217,1167,18,291,-282,2194,-702,-2198,2022-10-15 13:32:03.391156
996,-125,1077,16056,1045,-58,613,-9,2179,-770,-2260,2022-10-15 13:32:03.571938
997,-123,256,15646,1419,2,2241,8,2155,-686,-2165,2022-10-15 13:32:03.753691
998,-120,608,15679,1772,120,2953,21,2247,-857,-2119,2022-10-15 13:32:03.934948
999,-122,662,15530,1653,142,2968,103,2179,-875,-2029,2022-10-15 13:32:04.116121
