<annotation>
	<folder>dataset</folder>
	<filename>image_140.png</filename>
	<path>/home/yacotaco/Documents/dev/mrcoffee/code/computer_vision/dataset/image_140.png</path>
	<source>
		<database>Unknown</database>
	</source>
	<size>
		<width>640</width>
		<height>480</height>
		<depth>3</depth>
	</size>
	<segmented>0</segmented>
	<object>
		<name>tennis_ball</name>
		<pose>Unspecified</pose>
		<truncated>0</truncated>
		<difficult>0</difficult>
		<bndbox>
			<xmin>380</xmin>
			<ymin>217</ymin>
			<xmax>454</xmax>
			<ymax>293</ymax>
		</bndbox>
	</object>
</annotation>
