<annotation>
	<folder>dataset</folder>
	<filename>image_83.png</filename>
	<path>/home/yacotaco/Documents/dev/mrcoffee/code/computer_vision/dataset/image_83.png</path>
	<source>
		<database>Unknown</database>
	</source>
	<size>
		<width>640</width>
		<height>480</height>
		<depth>3</depth>
	</size>
	<segmented>0</segmented>
	<object>
		<name>tennis_ball</name>
		<pose>Unspecified</pose>
		<truncated>1</truncated>
		<difficult>0</difficult>
		<bndbox>
			<xmin>164</xmin>
			<ymin>1</ymin>
			<xmax>230</xmax>
			<ymax>59</ymax>
		</bndbox>
	</object>
</annotation>
