<annotation>
	<folder>dataset</folder>
	<filename>image_45.png</filename>
	<path>/home/yacotaco/Documents/dev/mrcoffee/code/computer_vision/dataset/image_45.png</path>
	<source>
		<database>Unknown</database>
	</source>
	<size>
		<width>640</width>
		<height>480</height>
		<depth>3</depth>
	</size>
	<segmented>0</segmented>
	<object>
		<name>tennis_ball</name>
		<pose>Unspecified</pose>
		<truncated>0</truncated>
		<difficult>0</difficult>
		<bndbox>
			<xmin>244</xmin>
			<ymin>128</ymin>
			<xmax>314</xmax>
			<ymax>196</ymax>
		</bndbox>
	</object>
</annotation>
